asset,timeframe,strategy,direction,entry,sl,tp,size,risk,rr,entry_bar,entry_time,regime,exit,exit_time,close_reason,pnl,pnl_pct,balance_after,drawdown_pct,bars_open
SOL,15m,TREND_MOMENTUM,SELL,148.94,151.74554046594665,143.32891906810667,35.643756065467365,100.0,2.00000000000001,260,2025-11-05 01:15:00+00:00,TREND_DOWN,151.74554046594665,2025-11-05 01:45:00+00:00,SL,-100.0,-1.8836715898661534,9900.0,1.0,2025-11-05 01:45:00+00:00
SOL,15m,BTC_MICROSTRUCTURE,SELL,159.15,160.32086697624175,156.8082660475165,84.55273059094309,99.0,2.0000000000000244,385,2025-11-06 08:30:00+00:00,TREND_DOWN,160.32086697624175,2025-11-06 13:15:00+00:00,SL,-99.0,-0.735700267823902,9801.0,1.9900000000000002,2025-11-06 13:15:00+00:00
SOL,15m,TREND_MOMENTUM,SELL,155.91,157.6855704665014,152.3588590669972,55.199160973385766,98.01,2.0,414,2025-11-06 15:45:00+00:00,TREND_DOWN,157.6855704665014,2025-11-06 18:30:00+00:00,SL,-98.01,-1.1388432214106805,9702.99,2.970100000000002,2025-11-06 18:30:00+00:00
SOL,15m,TREND_MOMENTUM,SELL,155.01,156.8033944074709,151.42321118505816,54.10404961440347,97.0299,2.0,433,2025-11-06 20:30:00+00:00,TREND_DOWN,156.8033944074709,2025-11-06 21:45:00+00:00,SL,-97.0299,-1.1569540077871836,9605.9601,3.940398999999998,2025-11-06 21:45:00+00:00
SOL,15m,TREND_MOMENTUM,SELL,155.58,157.2608298545846,152.2183402908308,57.15010400248993,96.059601,2.0,442,2025-11-06 22:45:00+00:00,TREND_DOWN,157.2608298545846,2025-11-07 02:00:00+00:00,SL,-96.059601,-1.0803637065076497,9509.900499,4.900995010000006,2025-11-07 02:00:00+00:00
SOL,15m,TREND_MOMENTUM,SELL,152.24,153.82869092654414,149.06261814691177,59.85997867871518,95.09900499,1.999999999999982,492,2025-11-07 11:15:00+00:00,TREND_DOWN,153.82869092654414,2025-11-07 11:45:00+00:00,SL,-95.09900499,-1.0435436984656674,9414.80149401,5.851985059899998,2025-11-07 11:45:00+00:00
SOL,15m,TREND_MOMENTUM,SELL,151.64,153.22706834772768,148.46586330454463,59.32196623724344,94.1480149401,1.999999999999982,498,2025-11-07 12:45:00+00:00,TREND_DOWN,153.22706834772768,2025-11-07 14:30:00+00:00,SL,-94.1480149401,-1.0466027088681709,9320.6534790699,6.793465209300993,2025-11-07 14:30:00+00:00
SOL,15m,TREND_MOMENTUM,SELL,157.68,158.88096007568515,155.27807984862972,77.6100194151124,93.20653479069901,2.0,601,2025-11-08 14:30:00+00:00,TREND_DOWN,155.27807984862972,2025-11-09 03:15:00+00:00,TP,186.41306958139802,1.5232877672312857,9507.066548651299,4.92933451348701,2025-11-09 03:15:00+00:00
SOL,15m,SMC_ORDER_BLOCKS,SELL,156.65,157.65825690353626,154.23018343151298,94.29210467398991,95.070665486513,2.4000000000000226,655,2025-11-09 04:00:00+00:00,TREND_DOWN,157.65825690353626,2025-11-09 05:00:00+00:00,SL,-95.070665486513,-0.6436367082899774,9411.995883164785,5.880041168352145,2025-11-09 05:00:00+00:00
SOL,15m,TREND_MOMENTUM,SELL,164.52,166.06907149231296,161.42185701537414,60.75895095785127,94.11995883164785,1.9999999999999816,863,2025-11-11 08:00:00+00:00,TREND_DOWN,161.42185701537414,2025-11-11 14:45:00+00:00,TP,188.23991766329397,1.8831406422476695,9600.235800828079,3.9976419917192105,2025-11-11 14:45:00+00:00
SOL,15m,TREND_MOMENTUM,SELL,161.95,163.36512164857257,159.11975670285486,67.84035712061751,96.0023580082808,1.99999999999998,891,2025-11-11 15:00:00+00:00,TREND_DOWN,159.11975670285486,2025-11-11 17:30:00+00:00,TP,192.00471601655968,1.7476031473572902,9792.240516844638,2.0775948315536152,2025-11-11 17:30:00+00:00
SOL,15m,TREND_MOMENTUM,SELL,159.46,160.84546017322836,156.6890796535433,70.67861426883957,97.92240516844639,2.0,902,2025-11-11 17:45:00+00:00,TREND_DOWN,156.6890796535433,2025-11-11 20:30:00+00:00,TP,195.84481033689278,1.737689920015493,9988.08532718153,0.11914672818469625,2025-11-11 20:30:00+00:00
SOL,15m,SMC_ORDER_BLOCKS,SELL,156.75,157.99381717538805,153.7648387790687,80.30187655243991,99.88085327181531,2.3999999999999955,914,2025-11-11 20:45:00+00:00,TREND_DOWN,153.7648387790687,2025-11-12 00:00:00+00:00,TP,239.71404785235632,1.9044090723644678,10227.799375033886,0.0,2025-11-12 00:00:00+00:00
SOL,15m,TREND_MOMENTUM,SELL,154.8,156.15272400210287,152.0945519957943,75.60891474635172,102.27799375033887,2.0,928,2025-11-12 00:15:00+00:00,TREND_DOWN,156.15272400210287,2025-11-12 06:15:00+00:00,SL,-102.27799375033887,-0.8738527145367315,10125.521381283548,0.9999999999999943,2025-11-12 06:15:00+00:00
SOL,15m,TREND_MOMENTUM,SELL,153.51,155.40075234506645,149.72849530986704,53.55286961671142,101.25521381283548,2.000000000000015,996,2025-11-12 17:15:00+00:00,TREND_DOWN,155.40075234506645,2025-11-13 03:45:00+00:00,SL,-101.25521381283548,-1.2316802456299003,10024.266167470712,1.9899999999999973,2025-11-13 03:45:00+00:00
SOL,15m,TREND_MOMENTUM,SELL,151.09,152.8294757243366,147.61104855132683,57.62808889611748,100.24266167470712,2.0,1090,2025-11-13 16:45:00+00:00,TREND_DOWN,147.61104855132683,2025-11-13 17:45:00+00:00,TP,200.48532334941424,2.302568964639071,10224.751490820126,0.02979999999999876,2025-11-13 17:45:00+00:00
SOL,15m,SMC_ORDER_BLOCKS,SELL,141.81,143.81525006405062,136.9973998462785,50.98990731443281,102.24751490820127,2.4000000000000083,1109,2025-11-13 21:30:00+00:00,TREND_DOWN,143.81525006405062,2025-11-13 22:15:00+00:00,SL,-102.24751490820127,-1.4140399577255582,10122.503975911924,1.029502000000006,2025-11-13 22:15:00+00:00
SOL,15m,TREND_MOMENTUM,SELL,141.88,143.71365560878877,138.21268878242248,55.203953934394306,101.22503975911924,1.9999999999999845,1138,2025-11-14 04:45:00+00:00,TREND_DOWN,143.71365560878877,2025-11-14 06:45:00+00:00,SL,-101.22503975911924,-1.2923989348666298,10021.278936152805,2.01920698000001,2025-11-14 06:45:00+00:00
SOL,15m,TREND_MOMENTUM,SELL,141.54,143.40797049793306,137.80405900413385,53.647950796018726,100.21278936152805,2.0,1157,2025-11-14 09:30:00+00:00,TREND_DOWN,137.80405900413385,2025-11-14 12:30:00+00:00,TP,200.4255787230561,2.6394948395267375,10221.70451487586,0.05959111960001243,2025-11-14 12:30:00+00:00
SOL,15m,TREND_MOMENTUM,SELL,138.72,140.83067060875348,134.49865878249307,48.42870541942399,102.21704514875861,1.9999999999999865,1170,2025-11-14 12:45:00+00:00,TREND_DOWN,140.83067060875348,2025-11-14 14:30:00+00:00,SL,-102.21704514875861,-1.5215330224578147,10119.487469727103,1.0589952084040082,2025-11-14 14:30:00+00:00
SOL,15m,BTC_MICROSTRUCTURE,SELL,140.9,141.807844472148,139.08431105570403,111.4671926765618,101.19487469727103,2.0,1266,2025-11-15 12:45:00+00:00,TREND_DOWN,141.807844472148,2025-11-15 13:15:00+00:00,SL,-101.19487469727103,-0.6443182910915439,10018.292595029832,2.0484052563199606,2025-11-15 13:15:00+00:00
SOL,15m,TREND_MOMENTUM,SELL,139.19,140.1296599645612,137.3106800708776,106.61614810532164,100.18292595029833,2.0,1311,2025-11-16 00:00:00+00:00,TREND_DOWN,140.1296599645612,2025-11-16 02:15:00+00:00,SL,-100.18292595029833,-0.675091575947411,9918.109669079535,3.0279212037567524,2025-11-16 02:15:00+00:00
SOL,15m,SMC_ORDER_BLOCKS,SELL,139.6,140.57275597333097,137.26538566400563,101.95886677639491,99.18109669079536,2.4000000000000177,1373,2025-11-16 15:30:00+00:00,TREND_DOWN,137.26538566400563,2025-11-16 15:45:00+00:00,TP,238.03463205791058,1.6723598395375072,10156.144301137445,0.7005913126469019,2025-11-16 15:45:00+00:00
SOL,15m,TREND_MOMENTUM,SELL,135.88,138.21465908545474,131.2106818290905,43.501615993579755,101.56144301137445,2.0,1474,2025-11-17 16:45:00+00:00,TREND_DOWN,131.2106818290905,2025-11-17 18:15:00+00:00,TP,203.1228860227489,3.436354261782081,10359.267187160194,0.0,2025-11-17 18:15:00+00:00
SOL,15m,TREND_MOMENTUM,SELL,137.56,138.75749407033,135.16501185933996,86.5078787764298,103.59267187160195,2.0000000000000235,1657,2025-11-19 14:30:00+00:00,TREND_DOWN,138.75749407033,2025-11-19 15:00:00+00:00,SL,-103.59267187160195,-0.8705249130052408,10255.674515288592,0.9999999999999991,2025-11-19 15:00:00+00:00
SOL,15m,TREND_MOMENTUM,SELL,135.15,136.65406137196595,132.14187725606814,68.18654282626437,102.55674515288592,1.9999999999999811,1663,2025-11-19 16:00:00+00:00,TREND_DOWN,132.14187725606814,2025-11-19 17:15:00+00:00,TP,205.11349030576991,2.2257659962499914,10460.788005594362,0.0,2025-11-19 17:15:00+00:00
SOL,15m,TREND_MOMENTUM,SELL,134.37,136.55046798671395,130.0090640265721,47.974967159958986,104.60788005594362,2.0,1767,2025-11-20 18:00:00+00:00,TREND_DOWN,136.55046798671395,2025-11-20 22:45:00+00:00,SL,-104.60788005594362,-1.622734231386433,10356.180125538418,1.0000000000000075,2025-11-20 22:45:00+00:00
SOL,15m,TREND_MOMENTUM,SELL,133.46,135.01742858998315,130.34514282003371,66.49537700890983,103.56180125538418,2.0,1799,2025-11-21 02:00:00+00:00,TREND_DOWN,130.34514282003371,2025-11-21 07:00:00+00:00,TP,207.12360251076836,2.333925655601898,10563.303728049186,0.0,2025-11-21 07:00:00+00:00
SOL,15m,TREND_MOMENTUM,SELL,130.56,132.08323359328992,127.5135328134202,69.34789105612036,105.63303728049186,1.9999999999999813,1819,2025-11-21 07:00:00+00:00,TREND_DOWN,127.5135328134202,2025-11-21 07:30:00+00:00,TP,211.26607456098174,2.3333847936426193,10774.569802610167,0.0,2025-11-21 07:30:00+00:00
SOL,15m,TREND_MOMENTUM,SELL,128.93,131.24753255329296,124.29493489341411,46.49155752872051,107.74569802610168,2.0,1823,2025-11-21 08:00:00+00:00,TREND_DOWN,124.29493489341411,2025-11-21 11:45:00+00:00,TP,215.49139605220336,3.5950245145318376,10990.06119866237,0.0,2025-11-21 11:45:00+00:00
SOL,15m,SMC_ORDER_BLOCKS,SELL,124.17,126.04735443780773,119.66434934926147,58.5401508491704,109.9006119866237,2.3999999999999955,1839,2025-11-21 12:00:00+00:00,TREND_DOWN,126.04735443780773,2025-11-21 12:30:00+00:00,SL,-109.9006119866237,-1.5119227170876417,10880.160586675745,1.0000000000000067,2025-11-21 12:30:00+00:00
SOL,15m,TREND_MOMENTUM,SELL,124.85,127.12111671658339,120.3077665668332,47.90665537896074,108.80160586675746,2.000000000000006,1855,2025-11-21 16:00:00+00:00,TREND_DOWN,127.12111671658339,2025-11-21 16:45:00+00:00,SL,-108.80160586675746,-1.8190762647844556,10771.358980808987,1.9900000000000126,2025-11-21 16:45:00+00:00
SOL,15m,TREND_MOMENTUM,SELL,128.88,130.07856791743862,126.48286416512275,89.86857418833397,107.71358980808988,2.0,2118,2025-11-24 09:45:00+00:00,TREND_DOWN,130.07856791743862,2025-11-24 13:00:00+00:00,SL,-107.71358980808988,-0.9299875212900556,10663.645391000897,2.9701000000000186,2025-11-24 13:00:00+00:00
SOL,15m,BTC_MICROSTRUCTURE,SELL,135.2,136.42159349928556,132.7568130014288,87.29291206311527,106.63645391000897,2.000000000000023,2237,2025-11-25 15:30:00+00:00,TREND_DOWN,136.42159349928556,2025-11-25 16:15:00+00:00,SL,-106.63645391000897,-0.9035454876372596,10557.008937090888,3.9403990000000153,2025-11-25 16:15:00+00:00
SOL,15m,SMC_ORDER_BLOCKS,SELL,136.93,137.75479786356024,134.9504851274554,127.99510526763032,105.57008937090889,2.400000000000041,2317,2025-11-26 11:30:00+00:00,TREND_DOWN,137.75479786356024,2025-11-26 14:45:00+00:00,SL,-105.57008937090889,-0.602350006251541,10451.43884771998,4.900995010000017,2025-11-26 14:45:00+00:00
SOL,15m,BTC_MICROSTRUCTURE,SELL,141.65,142.41964261461638,140.11071477076726,135.79599997759323,104.51438847719979,2.0,2424,2025-11-27 14:15:00+00:00,TREND_DOWN,142.41964261461638,2025-11-27 15:45:00+00:00,SL,-104.51438847719979,-0.5433410622071112,10346.924459242779,5.851985059900024,2025-11-27 15:45:00+00:00
SOL,15m,BTC_MICROSTRUCTURE,SELL,141.04,141.77718547133543,139.56562905732912,140.3571402526283,103.46924459242778,2.0,2464,2025-11-28 00:15:00+00:00,TREND_DOWN,139.56562905732912,2025-11-28 01:15:00+00:00,TP,206.93848918485557,1.0453565957677775,10553.862948427633,3.96902476109803,2025-11-28 01:15:00+00:00
SOL,15m,TREND_MOMENTUM,SELL,138.99,139.8607870371275,137.24842592574504,121.19912789747382,105.53862948427634,2.0,2473,2025-11-28 02:30:00+00:00,TREND_DOWN,139.8607870371275,2025-11-28 04:00:00+00:00,SL,-105.53862948427634,-0.6265105670389849,10448.324318943358,4.929334513487043,2025-11-28 04:00:00+00:00
SOL,15m,TREND_MOMENTUM,SELL,137.47,138.74443977064203,134.92112045871596,81.98366497680574,104.48324318943358,1.9999999999999778,2539,2025-11-28 19:00:00+00:00,TREND_DOWN,134.92112045871596,2025-11-29 18:30:00+00:00,TP,208.96648637886483,1.854135114049638,10657.290805322224,3.0279212037567964,2025-11-29 18:30:00+00:00
SOL,15m,BTC_MICROSTRUCTURE,SELL,135.98,136.7789386075349,134.38212278493015,133.3931131229804,106.57290805322224,2.0,2635,2025-11-29 19:00:00+00:00,TREND_DOWN,136.7789386075349,2025-11-30 02:15:00+00:00,SL,-106.57290805322224,-0.5875412616082671,10550.717897269002,3.997641991719226,2025-11-30 02:15:00+00:00
SOL,15m,SMC_ORDER_BLOCKS,SELL,127.02,128.32437018432213,123.88951155762685,80.88745069523381,105.50717897269001,2.4000000000000132,2764,2025-12-01 03:15:00+00:00,TREND_DOWN,123.88951155762685,2025-12-01 15:30:00+00:00,TP,253.2172295344574,2.4645634092057547,10803.935126803459,1.693585399520477,2025-12-01 15:30:00+00:00
SOL,15m,TREND_MOMENTUM,SELL,125.1,126.44841478106846,122.40317043786307,80.12323269137208,108.0393512680346,1.9999999999999896,2814,2025-12-01 15:45:00+00:00,TREND_DOWN,126.44841478106846,2025-12-01 22:00:00+00:00,SL,-108.0393512680346,-1.0778695292313913,10695.895775535424,2.676649545525274,2025-12-01 22:00:00+00:00
SOL,15m,TREND_MOMENTUM,SELL,139.64,141.00798779219616,136.9040244156076,78.18707035655763,106.95895775535425,2.000000000000021,3117,2025-12-04 19:30:00+00:00,TREND_DOWN,136.9040244156076,2025-12-05 09:15:00+00:00,TP,213.9179155107107,1.95930649125779,10909.813691046134,0.7301825364357625,2025-12-05 09:15:00+00:00
SOL,15m,TREND_MOMENTUM,SELL,136.62,137.56193449063124,134.7361310187375,115.82348666025479,109.09813691046135,2.00000000000003,3173,2025-12-05 09:30:00+00:00,TREND_DOWN,137.56193449063124,2025-12-05 10:15:00+00:00,SL,-109.09813691046135,-0.6894557829243451,10800.715554135673,1.7228807110714026,2025-12-05 10:15:00+00:00
SOL,15m,TREND_MOMENTUM,SELL,137.03,137.93380392680453,135.22239214639094,119.50286155894982,108.00715554135674,2.0,3181,2025-12-05 11:30:00+00:00,TREND_DOWN,135.22239214639094,2025-12-05 14:30:00+00:00,TP,216.01431108271348,1.3191329297300272,11016.729865218387,0.0,2025-12-05 14:30:00+00:00
SOL,15m,TREND_MOMENTUM,SELL,135.79,136.96488275774965,133.44023448450068,93.76875941493579,110.16729865218387,2.0,3195,2025-12-05 15:00:00+00:00,TREND_DOWN,133.44023448450068,2025-12-05 16:00:00+00:00,TP,220.33459730436775,1.7304407655197833,11237.064462522754,0.0,2025-12-05 16:00:00+00:00
SOL,15m,TREND_MOMENTUM,SELL,132.56,134.00434581158652,129.671308376827,77.80037420664242,112.37064462522754,1.9999999999999802,3207,2025-12-05 18:00:00+00:00,TREND_DOWN,134.00434581158652,2025-12-06 03:00:00+00:00,SL,-112.37064462522756,-1.089578916405036,11124.693817897527,0.9999999999999971,2025-12-06 03:00:00+00:00
SOL,15m,BTC_MICROSTRUCTURE,SELL,133.28,133.9336417970815,131.97271640583702,170.1955699217715,111.24693817897527,2.0,3248,2025-12-06 04:15:00+00:00,TREND_DOWN,131.97271640583702,2025-12-06 08:45:00+00:00,TP,222.49387635795054,0.9808550376372914,11347.187694255477,0.0,2025-12-06 08:45:00+00:00
SOL,15m,BTC_MICROSTRUCTURE,SELL,132.4,132.9547634019065,131.290473196187,204.54102875676458,113.47187694255477,2.000000000000051,3267,2025-12-06 09:00:00+00:00,TREND_DOWN,132.9547634019065,2025-12-06 10:15:00+00:00,SL,-113.47187694255477,-0.41900559056381,11233.715817312923,0.9999999999999971,2025-12-06 10:15:00+00:00
SOL,15m,BTC_MICROSTRUCTURE,SELL,132.14,132.7004213914035,131.019157217193,200.45123169155661,112.33715817312923,1.9999999999999494,3322,2025-12-06 22:45:00+00:00,TREND_DOWN,132.7004213914035,2025-12-07 01:15:00+00:00,SL,-112.33715817312923,-0.42411184456145645,11121.378659139793,1.9900000000000029,2025-12-07 01:15:00+00:00
SOL,15m,BTC_MICROSTRUCTURE,SELL,131.87,132.3852271280483,130.8395457439034,215.85390313720092,111.21378659139793,2.0,3366,2025-12-07 09:45:00+00:00,TREND_DOWN,132.3852271280483,2025-12-07 10:30:00+00:00,SL,-111.21378659139793,-0.3907083704013871,11010.164872548396,2.9700999999999977,2025-12-07 10:30:00+00:00
SOL,15m,TREND_MOMENTUM,SELL,129.47,130.5167249003883,127.37655019922339,105.18680570667479,110.10164872548395,1.9999999999999865,3387,2025-12-07 15:00:00+00:00,TREND_DOWN,130.5167249003883,2025-12-07 15:45:00+00:00,SL,-110.10164872548395,-0.8084690664928652,10900.063223822912,3.9403989999999958,2025-12-07 15:45:00+00:00
SOL,15m,TREND_MOMENTUM,SELL,134.21,135.54965096059112,131.53069807881778,81.36494911341167,109.00063223822912,2.0,3505,2025-12-08 20:30:00+00:00,TREND_DOWN,135.54965096059112,2025-12-09 15:30:00+00:00,SL,-109.00063223822912,-0.9981752183824714,10791.062591584683,4.900995009999993,2025-12-09 15:30:00+00:00
SOL,15m,BTC_MICROSTRUCTURE,SELL,137.05,137.88246536192992,135.3850692761402,129.6277669327616,107.91062591584684,2.0,3665,2025-12-10 12:30:00+00:00,TREND_DOWN,137.88246536192992,2025-12-10 12:45:00+00:00,SL,-107.91062591584684,-0.6074172651805221,10683.151965668836,5.851985059899994,2025-12-10 12:45:00+00:00
SOL,15m,BTC_MICROSTRUCTURE,SELL,136.9,137.93102506736608,134.83794986526786,103.61680141260524,106.83151965668836,2.0,3680,2025-12-10 16:15:00+00:00,TREND_DOWN,137.93102506736608,2025-12-10 18:30:00+00:00,SL,-106.83151965668836,-0.7531227665201412,10576.320446012147,6.793465209301002,2025-12-10 18:30:00+00:00
SOL,15m,BTC_MICROSTRUCTURE,SELL,130.66,131.497521377419,128.984957245162,126.28119987343362,105.76320446012147,2.0,3770,2025-12-11 14:45:00+00:00,TREND_DOWN,131.497521377419,2025-12-11 15:15:00+00:00,SL,-105.76320446012147,-0.6409929415421662,10470.557241552026,7.725530557207991,2025-12-11 15:15:00+00:00
SOL,15m,BTC_MICROSTRUCTURE,SELL,130.53,131.5981350729263,128.39372985414738,98.02652779546338,104.70557241552025,2.0,3776,2025-12-11 16:15:00+00:00,TREND_DOWN,131.5981350729263,2025-12-11 16:30:00+00:00,SL,-104.70557241552025,-0.8183061923897266,10365.851669136506,8.648275251635907,2025-12-11 16:30:00+00:00
SOL,15m,TREND_MOMENTUM,SELL,132.45,133.97031454362244,129.4093709127551,68.18228315068166,103.65851669136507,2.0,3879,2025-12-12 18:00:00+00:00,TREND_DOWN,133.97031454362244,2025-12-13 08:45:00+00:00,SL,-103.65851669136507,-1.147840350035823,10262.193152445141,9.561792499119544,2025-12-13 08:45:00+00:00
SOL,15m,BTC_MICROSTRUCTURE,SELL,132.14,132.64514816293183,131.1297036741363,203.1521423909386,102.62193152445141,2.0,3987,2025-12-13 21:00:00+00:00,TREND_DOWN,132.64514816293183,2025-12-13 21:45:00+00:00,SL,-102.62193152445141,-0.38228255103060843,10159.57122092069,10.466174574128342,2025-12-13 21:45:00+00:00
SOL,15m,BTC_MICROSTRUCTURE,SELL,131.47,132.24621709060938,129.91756581878124,130.8856934977404,101.59571220920691,2.0,4046,2025-12-14 11:45:00+00:00,TREND_DOWN,129.91756581878124,2025-12-14 17:00:00+00:00,TP,203.19142441841382,1.1808277030643928,10362.762645339104,8.675498065610912,2025-12-14 17:00:00+00:00
SOL,15m,TREND_MOMENTUM,SELL,130.16,131.01807318242933,128.44385363514132,120.76781861426477,103.62762645339104,2.0,4069,2025-12-14 17:30:00+00:00,TREND_DOWN,128.44385363514132,2025-12-14 23:30:00+00:00,TP,207.2552529067821,1.3184898316369646,10570.017898245886,6.849008026923134,2025-12-14 23:30:00+00:00
SOL,15m,SMC_ORDER_BLOCKS,SELL,129.44,130.3073839835953,127.35827843937132,121.86088397013484,105.70017898245885,2.3999999999999835,4093,2025-12-14 23:30:00+00:00,TREND_DOWN,130.3073839835953,2025-12-15 00:00:00+00:00,SL,-105.70017898245885,-0.6701050553115645,10464.317719263427,7.780517946653903,2025-12-15 00:00:00+00:00
SOL,15m,BTC_MICROSTRUCTURE,SELL,126.38,127.46729363283274,124.20541273433453,96.24187434999143,104.64317719263427,1.999999999999987,4198,2025-12-16 01:45:00+00:00,TREND_DOWN,127.46729363283274,2025-12-16 06:45:00+00:00,SL,-104.64317719263427,-0.8603367881252887,10359.674542070792,8.702712767187366,2025-12-16 06:45:00+00:00
SOL,15m,TREND_MOMENTUM,SELL,123.08,125.07985843092372,119.08028313815255,51.80203949379416,103.59674542070792,2.0,4358,2025-12-17 17:45:00+00:00,TREND_DOWN,125.07985843092372,2025-12-18 13:30:00+00:00,SL,-103.59674542070792,-1.6248443540166742,10256.077796650085,9.615685639515489,2025-12-18 13:30:00+00:00
SOL,15m,TREND_MOMENTUM,SELL,117.91,119.66294046774222,114.40411906451556,58.50785001192805,102.56077796650085,2.0,4467,2025-12-18 21:00:00+00:00,TREND_DOWN,119.66294046774222,2025-12-18 21:45:00+00:00,SL,-102.56077796650085,-1.4866766752117895,10153.517018683584,10.519528783120332,2025-12-18 21:45:00+00:00
SOL,15m,BTC_MICROSTRUCTURE,SELL,125.37,125.79470655201557,124.52058689596888,239.07135339676805,101.53517018683584,2.0,4684,2025-12-21 03:15:00+00:00,TREND_DOWN,125.79470655201557,2025-12-21 08:30:00+00:00,SL,-101.53517018683584,-0.33876250459883894,10051.981848496747,11.414333495289137,2025-12-21 08:30:00+00:00
SOL,15m,BTC_MICROSTRUCTURE,SELL,125.41,126.34277182307207,123.54445635385585,107.76463868077253,100.51981848496747,2.0,4853,2025-12-22 21:30:00+00:00,TREND_DOWN,126.34277182307207,2025-12-23 00:15:00+00:00,SL,-100.51981848496747,-0.7437778670537225,9951.46203001178,12.30019016033624,2025-12-23 00:15:00+00:00
SOL,15m,BTC_MICROSTRUCTURE,SELL,124.17,124.67696730228933,123.15606539542134,196.2939618605323,99.51462030011781,2.000000000000028,4915,2025-12-23 13:00:00+00:00,TREND_DOWN,123.15606539542134,2025-12-23 13:30:00+00:00,TP,199.0292406002384,0.8165697065141864,10150.49127061202,10.546193963542933,2025-12-23 13:30:00+00:00
SOL,15m,TREND_MOMENTUM,SELL,123.1,123.94944323393955,121.40111353212089,119.49581637769965,101.5049127061202,2.0,4924,2025-12-23 15:15:00+00:00,TREND_DOWN,123.94944323393955,2025-12-23 16:00:00+00:00,SL,-101.5049127061202,-0.6900432444675492,10048.986357905898,11.440732023907513,2025-12-23 16:00:00+00:00
SOL,15m,SMC_ORDER_BLOCKS,SELL,122.82,123.49175532301291,121.20778722476899,149.59295466145,100.48986357905899,2.4,4968,2025-12-24 02:15:00+00:00,TREND_DOWN,121.20778722476899,2025-12-24 05:45:00+00:00,TP,241.17567258974157,1.3126630640213328,10290.16203049564,9.315309592481297,2025-12-24 05:45:00+00:00
SOL,15m,TREND_MOMENTUM,SELL,121.46,122.12677750882122,120.12644498235754,154.32677158963068,102.9016203049564,2.0,4982,2025-12-24 05:45:00+00:00,TREND_DOWN,122.12677750882122,2025-12-24 10:30:00+00:00,SL,-102.90162030495641,-0.5489688035742027,10187.260410190684,10.22215649655648,2025-12-24 10:30:00+00:00
SOL,15m,BTC_MICROSTRUCTURE,SELL,121.99,122.35575517642901,121.25848964714197,278.5267596114992,101.87260410190684,1.9999999999999611,5092,2025-12-25 09:15:00+00:00,TREND_DOWN,122.35575517642901,2025-12-25 15:15:00+00:00,SL,-101.87260410190684,-0.2998239006713821,10085.387806088776,11.119934931590917,2025-12-25 15:15:00+00:00
SOL,15m,TREND_MOMENTUM,SELL,120.32,121.0977451719597,118.76450965608059,129.67470798534586,100.85387806088777,1.9999999999999818,5154,2025-12-26 00:45:00+00:00,TREND_DOWN,121.0977451719597,2025-12-26 01:45:00+00:00,SL,-100.85387806088775,-0.6463972506314064,9984.53392802789,12.008735582275001,2025-12-26 01:45:00+00:00
SOL,15m,BTC_MICROSTRUCTURE,SELL,122.18,123.05553320508139,120.42893358983724,114.03946612281614,99.84533928027889,2.0,5221,2025-12-26 17:30:00+00:00,TREND_DOWN,123.05553320508139,2025-12-27 03:15:00+00:00,SL,-99.84533928027889,-0.7165928998865461,9884.688588747611,12.888648226452249,2025-12-27 03:15:00+00:00
SOL,15m,TREND_MOMENTUM,SELL,124.0,124.91449042675868,122.17101914648264,108.0895797212766,98.8468858874761,2.0000000000000155,5497,2025-12-29 14:30:00+00:00,TREND_DOWN,124.91449042675868,2025-12-30 08:00:00+00:00,SL,-98.8468858874761,-0.737492279644093,9785.841702860134,13.75976174418773,2025-12-30 08:00:00+00:00
SOL,15m,BTC_MICROSTRUCTURE,SELL,124.64,125.28102741711794,123.35794516576412,152.65870759252854,97.85841702860135,2.0,5709,2025-12-31 19:30:00+00:00,TREND_DOWN,125.28102741711794,2025-12-31 20:15:00+00:00,SL,-97.85841702860135,-0.5143031266992454,9687.983285831533,14.62216412674585,2025-12-31 20:15:00+00:00
SOL,15m,BTC_MICROSTRUCTURE,SELL,124.2,124.96473463004072,122.67053073991856,126.684249741844,96.87983285831534,2.0,5717,2025-12-31 21:30:00+00:00,TREND_DOWN,124.96473463004072,2025-12-31 22:15:00+00:00,SL,-96.87983285831534,-0.6157283655722389,9591.103452973217,15.4759424854784,2025-12-31 22:15:00+00:00
SOL,15m,BTC_MICROSTRUCTURE,SELL,138.05,138.80884840611932,136.53230318776139,126.39024310561997,95.91103452973218,2.0,6347,2026-01-07 11:00:00+00:00,TREND_DOWN,136.53230318776139,2026-01-07 15:00:00+00:00,TP,191.82206905946435,1.0993819719222206,9782.925522032681,13.785461335187968,2026-01-07 15:00:00+00:00
SOL,15m,TREND_MOMENTUM,SELL,136.34,137.34917882205414,134.32164235589175,96.93946511996724,97.82925522032681,1.9999999999999718,6367,2026-01-07 16:00:00+00:00,TREND_DOWN,137.34917882205414,2026-01-08 01:15:00+00:00,SL,-97.82925522032681,-0.7401927695864301,9685.096266812354,14.647606721836093,2026-01-08 01:15:00+00:00
SOL,15m,BTC_MICROSTRUCTURE,SELL,135.11,135.91430016567045,133.50139966865913,120.4164400331703,96.85096266812354,2.0,6442,2026-01-08 10:45:00+00:00,TREND_DOWN,133.50139966865913,2026-01-08 14:15:00+00:00,TP,193.7019253362471,1.1905856941313604,9878.7981921486,12.940558856272819,2026-01-08 14:15:00+00:00
SOL,15m,TREND_MOMENTUM,SELL,133.24,134.0581238486768,131.60375230264646,120.7494220847668,98.78798192148601,2.0,6457,2026-01-08 14:30:00+00:00,TREND_DOWN,134.0581238486768,2026-01-08 14:45:00+00:00,SL,-98.78798192148601,-0.614022702399262,9780.010210227114,13.811153267710097,2026-01-08 14:45:00+00:00
SOL,15m,TREND_MOMENTUM,SELL,135.37,136.61964907798622,132.87070184402754,78.26205278354921,97.80010210227114,2.0000000000000226,6575,2026-01-09 20:00:00+00:00,TREND_DOWN,136.61964907798622,2026-01-10 02:15:00+00:00,SL,-97.80010210227114,-0.9231359075025634,9682.210108124842,14.673041735033001,2026-01-10 02:15:00+00:00
SOL,15m,BTC_MICROSTRUCTURE,SELL,136.02,136.5074288054943,135.0451423890114,198.63844727654848,96.82210108124842,2.000000000000058,6611,2026-01-10 05:00:00+00:00,TREND_DOWN,136.5074288054943,2026-01-10 09:45:00+00:00,SL,-96.82210108124842,-0.358350834799507,9585.388007043593,15.526311317682673,2026-01-10 09:45:00+00:00
SOL,15m,BTC_MICROSTRUCTURE,SELL,135.83,136.11495770653272,135.26008458693457,336.37932181852943,95.85388007043593,2.0000000000001,6677,2026-01-10 21:30:00+00:00,TREND_DOWN,136.11495770653272,2026-01-11 00:00:00+00:00,SL,-95.85388007043593,-0.20978996284525378,9489.534126973158,16.371048204505843,2026-01-11 00:00:00+00:00
SOL,15m,TREND_MOMENTUM,SELL,138.35,139.12017944282104,136.80964111435787,123.21198930231749,94.89534126973159,2.000000000000037,6890,2026-01-13 02:45:00+00:00,TREND_DOWN,139.12017944282104,2026-01-13 04:45:00+00:00,SL,-94.89534126973159,-0.5566891527437993,9394.638785703426,17.20733772246079,2026-01-13 04:45:00+00:00
SOL,15m,BTC_MICROSTRUCTURE,SELL,144.46,145.28331816586098,142.81336366827804,114.10702660591943,93.94638785703427,2.0000000000000346,7090,2026-01-15 04:45:00+00:00,TREND_DOWN,145.28331816586098,2026-01-15 09:30:00+00:00,SL,-93.94638785703427,-0.5699281225674706,9300.692397846391,18.035264345236186,2026-01-15 09:30:00+00:00
SOL,15m,BTC_MICROSTRUCTURE,SELL,143.56,144.63059019410719,141.41881961178566,86.8744403698064,93.00692397846392,1.9999999999999734,7140,2026-01-15 17:15:00+00:00,TREND_DOWN,141.41881961178566,2026-01-15 19:00:00+00:00,TP,186.01384795692536,1.4914881500517814,9486.706245803316,16.395969632140936,2026-01-15 19:00:00+00:00
SOL,15m,TREND_MOMENTUM,SELL,141.5,142.64729596347948,139.20540807304104,82.68752395007445,94.86706245803316,2.0,7147,2026-01-15 19:00:00+00:00,TREND_DOWN,142.64729596347948,2026-01-15 23:15:00+00:00,SL,-94.86706245803316,-0.8108098681833774,9391.839183345282,17.23200993581953,2026-01-15 23:15:00+00:00
SOL,15m,BTC_MICROSTRUCTURE,SELL,141.98,142.49032498915616,140.9593500216876,184.03643526990018,93.91839183345283,2.0000000000000555,7183,2026-01-16 04:00:00+00:00,TREND_DOWN,142.49032498915616,2026-01-16 04:15:00+00:00,SL,-93.91839183345283,-0.35943441974656615,9297.92079151183,18.059689836461335,2026-01-16 04:15:00+00:00
SOL,15m,BTC_MICROSTRUCTURE,SELL,142.08,142.49556015167835,141.24887969664334,223.74428236105038,92.9792079151183,2.0,7420,2026-01-18 15:15:00+00:00,TREND_DOWN,142.49556015167835,2026-01-18 18:15:00+00:00,SL,-92.9792079151183,-0.29248321486369294,9204.941583596712,18.879092938096715,2026-01-18 18:15:00+00:00
SOL,15m,TREND_MOMENTUM,SELL,133.42,133.8932825388263,132.4734349223474,194.4914681708724,92.04941583596712,1.99999999999994,7511,2026-01-19 14:00:00+00:00,TREND_DOWN,133.8932825388263,2026-01-19 15:30:00+00:00,SL,-92.04941583596712,-0.35473132875604174,9112.892167760745,19.690302008715747,2026-01-19 15:30:00+00:00
SOL,15m,SMC_ORDER_BLOCKS,SELL,129.1,130.1306492029038,126.62644191303086,88.41895129871058,91.12892167760745,2.399999999999975,7586,2026-01-20 08:45:00+00:00,TREND_DOWN,126.62644191303086,2026-01-20 16:30:00+00:00,TP,218.70941202625565,1.9160016165523899,9331.601579787,17.762869256924947,2026-01-20 16:30:00+00:00
SOL,15m,TREND_MOMENTUM,SELL,127.08,128.21846294492534,124.80307411014932,81.9666693710351,93.31601579787001,2.0,7618,2026-01-20 16:45:00+00:00,TREND_DOWN,124.80307411014932,2026-01-20 22:30:00+00:00,TP,186.63203159574002,1.7917263848368534,9518.23361138274,16.118126642063444,2026-01-20 22:30:00+00:00
SOL,15m,TREND_MOMENTUM,SELL,126.19,127.16250807386038,124.24498385227923,97.87305491048522,95.1823361138274,2.0,7641,2026-01-20 22:30:00+00:00,TREND_DOWN,127.16250807386038,2026-01-21 00:30:00+00:00,SL,-95.1823361138274,-0.7706696836994866,9423.051275268914,16.956945375642803,2026-01-21 00:30:00+00:00
SOL,15m,TREND_MOMENTUM,SELL,127.7,128.71496612505413,125.67006774989176,92.84104210636947,94.23051275268914,1.999999999999986,7809,2026-01-22 16:30:00+00:00,TREND_DOWN,128.71496612505413,2026-01-22 17:45:00+00:00,SL,-94.23051275268914,-0.7948051096743382,9328.820762516225,17.787375921886373,2026-01-22 17:45:00+00:00
SOL,15m,BTC_MICROSTRUCTURE,SELL,126.48,127.23753322601797,124.96493354796407,123.14734776128407,93.28820762516226,2.0,7900,2026-01-23 15:15:00+00:00,TREND_DOWN,127.23753322601797,2026-01-23 15:45:00+00:00,SL,-93.28820762516226,-0.5989351881862501,9235.532554891062,18.609502162667514,2026-01-23 15:45:00+00:00
SOL,15m,SMC_ORDER_BLOCKS,SELL,127.1,127.3690310735834,126.45432542339981,343.28869271035444,92.35532554891063,2.400000000000042,7973,2026-01-24 09:30:00+00:00,TREND_DOWN,127.3690310735834,2026-01-24 11:15:00+00:00,SL,-92.35532554891064,-0.21166882264626757,9143.17722934215,19.423407141040844,2026-01-24 11:15:00+00:00
SOL,15m,BTC_MICROSTRUCTURE,SELL,126.84,127.09908281126081,126.32183437747837,352.9055897165634,91.43177229342152,2.000000000000055,7998,2026-01-24 15:45:00+00:00,TREND_DOWN,127.09908281126081,2026-01-24 16:45:00+00:00,SL,-91.43177229342152,-0.2042595484553853,9051.74545704873,20.22917306963043,2026-01-24 16:45:00+00:00
SOL,15m,BTC_MICROSTRUCTURE,SELL,126.77,127.08945537856661,126.13108924286675,283.349289583527,90.5174545704873,2.0000000000000444,8048,2026-01-25 04:15:00+00:00,TREND_DOWN,126.13108924286675,2026-01-25 08:30:00+00:00,TP,181.0349091409786,0.5039920778837628,9232.780366189709,18.633756531023003,2026-01-25 08:30:00+00:00
SOL,15m,BTC_MICROSTRUCTURE,SELL,126.35,126.69793188735864,125.6541362252827,265.3617188203493,92.3278036618971,2.000000000000041,8067,2026-01-25 09:00:00+00:00,TREND_DOWN,126.69793188735864,2026-01-25 09:30:00+00:00,SL,-92.3278036618971,-0.27537149771162706,9140.452562527811,19.447418965712778,2026-01-25 09:30:00+00:00
SOL,15m,SMC_ORDER_BLOCKS,SELL,122.08,122.94766350909538,119.99760757817108,105.34559154225109,91.40452562527811,2.4000000000000035,8100,2026-01-25 17:15:00+00:00,TREND_DOWN,119.99760757817108,2026-01-25 19:15:00+00:00,TP,219.37086150066776,1.7057605028087433,9359.823424028478,17.514157020889886,2026-01-25 19:15:00+00:00
SOL,15m,BTC_MICROSTRUCTURE,SELL,125.45,126.30938304516532,123.73123390966938,108.91328932639072,93.59823424028478,1.9999999999999836,8406,2026-01-28 21:45:00+00:00,TREND_DOWN,123.73123390966938,2026-01-29 02:30:00+00:00,TP,187.19646848056803,1.3700805821686872,9547.019892509046,15.8644401613077,2026-01-29 02:30:00+00:00
SOL,15m,SMC_ORDER_BLOCKS,SELL,123.21,123.97496765010428,121.37407763974973,124.80292325051363,95.47019892509046,2.3999999999999853,8429,2026-01-29 03:30:00+00:00,TREND_DOWN,123.97496765010428,2026-01-29 07:45:00+00:00,SL,-95.47019892509046,-0.6208649055306241,9451.549693583956,16.705795759694617,2026-01-29 07:45:00+00:00
SOL,15m,BTC_MICROSTRUCTURE,SELL,123.12,123.62306239112365,122.1138752177527,187.8802681407531,94.51549693583956,2.0,8455,2026-01-29 10:00:00+00:00,TREND_DOWN,122.1138752177527,2026-01-29 14:30:00+00:00,TP,189.03099387167913,0.8171903689467981,9640.580687455637,15.0399116748885,2026-01-29 14:30:00+00:00
SOL,15m,TREND_MOMENTUM,SELL,118.05,119.364122139887,115.42175572022599,73.36137482840512,96.40580687455636,2.0,8481,2026-01-29 16:30:00+00:00,TREND_DOWN,119.364122139887,2026-01-29 17:00:00+00:00,SL,-96.40580687455636,-1.1131911392520157,9544.17488058108,15.889512558139614,2026-01-29 17:00:00+00:00
SOL,15m,TREND_MOMENTUM,SELL,117.03,118.31487850239394,114.46024299521211,74.28075777436337,95.4417488058108,2.000000000000011,8488,2026-01-29 18:15:00+00:00,TREND_DOWN,114.46024299521211,2026-01-30 01:30:00+00:00,TP,190.88349761162266,2.195810480037502,9735.058378192703,14.20730280930239,2026-01-30 01:30:00+00:00
SOL,15m,TREND_MOMENTUM,SELL,115.22,116.53177817996416,112.59644364007168,74.21268722779523,97.35058378192704,1.9999999999999891,8518,2026-01-30 01:45:00+00:00,TREND_DOWN,116.53177817996416,2026-01-30 11:45:00+00:00,SL,-97.35058378192704,-1.1384986807534845,9637.707794410777,15.065229781209366,2026-01-30 11:45:00+00:00
SOL,15m,BTC_MICROSTRUCTURE,SELL,116.51,117.43805094494228,114.65389811011546,103.84890880112499,96.37707794410777,2.0,8648,2026-01-31 10:15:00+00:00,TREND_DOWN,114.65389811011546,2026-01-31 13:15:00+00:00,TP,192.75415588821554,1.5930837609514563,9830.461950298992,13.366534376833558,2026-01-31 13:15:00+00:00
SOL,15m,TREND_MOMENTUM,SELL,114.81,115.5505189923297,113.32896201534061,132.75097670853833,98.30461950298992,2.0,8660,2026-01-31 13:15:00+00:00,TREND_DOWN,113.32896201534061,2026-01-31 14:00:00+00:00,TP,196.60923900597984,1.28999040559132,10027.071189304972,11.633865064370225,2026-01-31 14:00:00+00:00
SOL,15m,TREND_MOMENTUM,SELL,103.07,105.82342703065041,97.56314593869917,36.416694823165074,100.27071189304972,2.0,8683,2026-01-31 19:00:00+00:00,TREND_DOWN,105.82342703065041,2026-01-31 23:15:00+00:00,SL,-100.27071189304971,-2.6714146023580225,9926.800477411922,12.517526413726527,2026-01-31 23:15:00+00:00
SOL,15m,TREND_MOMENTUM,SELL,104.64,105.84880342254104,102.22239315491792,82.12088328261589,99.26800477411922,2.0,8717,2026-02-01 03:30:00+00:00,TREND_DOWN,105.84880342254104,2026-02-01 07:30:00+00:00,SL,-99.26800477411922,-1.155202047535396,9827.532472637802,13.392351149589265,2026-02-01 07:30:00+00:00
SOL,15m,TREND_MOMENTUM,SELL,101.73,103.0560393549041,99.0779212901918,74.11192161297926,98.27532472637802,2.0000000000000107,8763,2026-02-01 15:00:00+00:00,TREND_DOWN,103.0560393549041,2026-02-01 18:00:00+00:00,SL,-98.27532472637802,-1.3034889952856552,9729.257147911425,14.258427638093366,2026-02-01 18:00:00+00:00
SOL,15m,TREND_MOMENTUM,SELL,101.31,102.60608383672978,98.71783232654043,75.06657264131817,97.29257147911426,2.000000000000011,8783,2026-02-01 20:00:00+00:00,TREND_DOWN,102.60608383672978,2026-02-01 20:30:00+00:00,SL,-97.29257147911426,-1.2793246833775325,9631.96457643231,15.115843361712432,2026-02-01 20:30:00+00:00
SOL,15m,TREND_MOMENTUM,SELL,101.32,102.82094384445992,98.31811231108014,64.17271780009942,96.31964576432311,2.0,8789,2026-02-01 21:30:00+00:00,TREND_DOWN,102.82094384445992,2026-02-01 22:00:00+00:00,SL,-96.31964576432311,-1.4813895030200608,9535.644930667988,15.964684928095304,2026-02-01 22:00:00+00:00
SOL,15m,TREND_MOMENTUM,SELL,99.98,101.77262596921348,96.39474806157305,53.193723032205135,95.35644930667988,2.0,8795,2026-02-01 23:00:00+00:00,TREND_DOWN,101.77262596921348,2026-02-01 23:30:00+00:00,SL,-95.35644930667988,-1.7929845661267003,9440.288481361307,16.80503807881436,2026-02-01 23:30:00+00:00
SOL,15m,TREND_MOMENTUM,SELL,97.02,98.98334534291723,93.09330931416552,48.082669283919536,94.40288481361307,2.0,8812,2026-02-02 03:15:00+00:00,TREND_DOWN,98.98334534291723,2026-02-02 03:45:00+00:00,SL,-94.40288481361307,-2.0236501163855247,9345.885596547694,17.636987698026214,2026-02-02 03:45:00+00:00
SOL,15m,TREND_MOMENTUM,SELL,98.53,100.60741473406647,94.37517053186707,44.988058683176156,93.45885596547694,2.0,8820,2026-02-02 05:15:00+00:00,TREND_DOWN,100.60741473406647,2026-02-02 06:30:00+00:00,SL,-93.45885596547694,-2.1084083366147017,9252.426740582217,18.46061782104595,2026-02-02 06:30:00+00:00
SOL,15m,TREND_MOMENTUM,SELL,102.05,103.17972083809423,99.79055832381152,81.90011575063535,92.52426740582217,2.0000000000000124,8956,2026-02-03 15:15:00+00:00,TREND_DOWN,99.79055832381152,2026-02-03 17:30:00+00:00,TP,185.0485348116455,2.214053577842698,9437.475275393863,16.82983017746686,2026-02-03 17:30:00+00:00
SOL,15m,TREND_MOMENTUM,SELL,99.05,100.40015606102742,96.34968787794517,69.89914386794878,94.37475275393864,1.9999999999999896,8965,2026-02-03 17:30:00+00:00,TREND_DOWN,100.40015606102742,2026-02-03 20:30:00+00:00,SL,-94.37475275393864,-1.3631055638843208,9343.100522639925,17.661531875692187,2026-02-03 20:30:00+00:00
SOL,15m,TREND_MOMENTUM,SELL,98.49,99.88630890272805,95.69738219454388,66.91284789766615,93.43100522639925,2.00000000000001,8986,2026-02-03 22:45:00+00:00,TREND_DOWN,95.69738219454388,2026-02-04 11:00:00+00:00,TP,186.86201045279947,2.835432841360664,9529.962533092725,16.01476251320602,2026-02-04 11:00:00+00:00
SOL,15m,TREND_MOMENTUM,SELL,96.28,97.33164324075345,94.1767135184931,90.61972885657484,95.29962533092724,2.0,9036,2026-02-04 11:15:00+00:00,TREND_DOWN,94.1767135184931,2026-02-04 14:00:00+00:00,TP,190.59925066185448,2.184551808794037,9720.56178375458,14.335057763470136,2026-02-04 14:00:00+00:00
SOL,15m,TREND_MOMENTUM,SELL,93.74,95.07431137040659,91.0713772591868,72.85077530885837,97.2056178375458,2.0,9051,2026-02-04 15:00:00+00:00,TREND_DOWN,91.0713772591868,2026-02-04 16:30:00+00:00,TP,194.4112356750916,2.846834585889899,9914.973019429672,12.621758918739534,2026-02-04 16:30:00+00:00
SOL,15m,TREND_MOMENTUM,SELL,91.99,93.5683472830344,88.83330543393119,62.81870362755617,99.14973019429672,2.0,9058,2026-02-04 16:45:00+00:00,TREND_DOWN,93.5683472830344,2026-02-04 19:00:00+00:00,SL,-99.14973019429672,-1.7157813708385736,9815.823289235375,13.495541329552136,2026-02-04 19:00:00+00:00
SOL,15m,TREND_MOMENTUM,SELL,91.33,92.82497658808661,88.34004682382677,65.65870908920662,98.15823289235375,2.0,9078,2026-02-04 21:45:00+00:00,TREND_DOWN,92.82497658808661,2026-02-04 22:15:00+00:00,SL,-98.15823289235375,-1.6368954210956042,9717.665056343021,14.360585916256618,2026-02-04 22:15:00+00:00
SOL,15m,TREND_MOMENTUM,SELL,92.13,93.90024295405843,88.58951409188313,54.89452752270219,97.17665056343021,2.0,9084,2026-02-04 23:15:00+00:00,TREND_DOWN,88.58951409188313,2026-02-05 13:15:00+00:00,TP,194.35330112686043,3.842924029216177,9912.018357469882,12.647797634581744,2026-02-05 13:15:00+00:00
SOL,15m,TREND_MOMENTUM,SELL,88.45,89.91898887349357,85.51202225301286,67.47510846625384,99.12018357469883,2.0,9140,2026-02-05 13:15:00+00:00,TREND_DOWN,89.91898887349357,2026-02-05 14:00:00+00:00,SL,-99.12018357469883,-1.6608127456117265,9812.898173895182,13.521319658235937,2026-02-05 14:00:00+00:00
SOL,15m,TREND_MOMENTUM,SELL,84.61,86.74779499906154,80.33441000187693,45.901960563117115,98.12898173895182,1.9999999999999933,9150,2026-02-05 15:45:00+00:00,TREND_DOWN,80.33441000187693,2026-02-05 20:15:00+00:00,TP,196.257963477903,5.053291570881771,10009.156137373086,11.79174605140066,2026-02-05 20:15:00+00:00
SOL,15m,TREND_MOMENTUM,SELL,79.46,81.71481509693818,74.95036980612362,44.39014157287004,100.09156137373085,2.0,9169,2026-02-05 20:30:00+00:00,TREND_DOWN,74.95036980612362,2026-02-06 00:00:00+00:00,TP,200.1831227474617,5.675346330073467,10209.339260120547,10.027580972428675,2026-02-06 00:00:00+00:00
SOL,15m,TREND_MOMENTUM,SELL,75.07,78.62774187824948,67.95451624350103,28.696121330600405,102.09339260120547,1.999999999999996,9185,2026-02-06 00:30:00+00:00,TREND_DOWN,78.62774187824948,2026-02-06 01:45:00+00:00,SL,-102.09339260120547,-4.739232553948964,10107.245867519341,10.927305162704391,2026-02-06 01:45:00+00:00
SOL,15m,TREND_MOMENTUM,SELL,84.8,85.74673981426338,82.90652037147325,106.75843262579349,101.07245867519342,1.999999999999985,9321,2026-02-07 10:30:00+00:00,TREND_DOWN,85.74673981426338,2026-02-07 12:00:00+00:00,SL,-101.07245867519342,-1.1164384602162514,10006.173408844148,11.818032111077343,2026-02-07 12:00:00+00:00
SOL,15m,SMC_ORDER_BLOCKS,SELL,84.31,85.04205044744872,82.5530789261231,136.68693795238974,100.06173408844148,2.399999999999977,9510,2026-02-09 09:45:00+00:00,TREND_DOWN,85.04205044744872,2026-02-09 14:30:00+00:00,SL,-100.06173408844148,-0.8682842455802559,9906.111674755706,12.699851789966573,2026-02-09 14:30:00+00:00
SOL,15m,TREND_MOMENTUM,SELL,84.63,85.2679272228132,83.35414555437359,155.2859216615747,99.06111674755707,2.0,9598,2026-02-10 07:45:00+00:00,TREND_DOWN,83.35414555437359,2026-02-10 14:30:00+00:00,TP,198.12223349511413,1.5075675831577544,10104.23390825082,10.953848825765904,2026-02-10 14:30:00+00:00
SOL,15m,TREND_MOMENTUM,SELL,82.92,83.77153670507587,81.21692658984824,118.65881820502999,101.0423390825082,2.000000000000017,9643,2026-02-10 19:00:00+00:00,TREND_DOWN,83.77153670507587,2026-02-11 01:30:00+00:00,SL,-101.0423390825082,-1.0269376568691182,10003.191569168312,11.84431033750825,2026-02-11 01:30:00+00:00
SOL,15m,TREND_MOMENTUM,SELL,81.9,82.55799422031042,80.58401155937916,152.02552333133306,100.03191569168312,2.0000000000000218,9686,2026-02-11 05:45:00+00:00,TREND_DOWN,80.58401155937916,2026-02-11 07:15:00+00:00,TP,200.06383138336844,1.6068234928215408,10203.25540055168,10.081196544258402,2026-02-11 07:15:00+00:00
SOL,15m,TREND_MOMENTUM,SELL,80.81,81.57789540197679,79.27420919604643,132.8729847097081,102.0325540055168,2.0,9692,2026-02-11 07:15:00+00:00,TREND_DOWN,81.57789540197679,2026-02-11 13:30:00+00:00,SL,-102.0325540055168,-0.9502479915564745,10101.222846546163,10.980384578815814,2026-02-11 13:30:00+00:00
SOL,15m,TREND_MOMENTUM,SELL,79.38,80.52851471361082,77.08297057277836,87.95031292885109,101.01222846546163,1.9999999999999876,9724,2026-02-11 15:15:00+00:00,TREND_DOWN,80.52851471361082,2026-02-11 16:00:00+00:00,SL,-101.01222846546163,-1.4468565301219736,10000.210618080702,11.870580733027648,2026-02-11 16:00:00+00:00
SOL,15m,TREND_MOMENTUM,SELL,78.76,79.96112755717625,76.3577448856475,83.2568577611387,100.00210618080702,2.0,9731,2026-02-11 17:00:00+00:00,TREND_DOWN,79.96112755717625,2026-02-11 17:30:00+00:00,SL,-100.00210618080702,-1.5250476855970665,9900.208511899895,12.751874925697376,2026-02-11 17:30:00+00:00
SOL,15m,TREND_MOMENTUM,SELL,79.12,80.00110404387735,77.35779191224532,112.36140136564943,99.00208511899895,2.0,9756,2026-02-11 23:15:00+00:00,TREND_DOWN,80.00110404387735,2026-02-12 00:30:00+00:00,SL,-99.00208511899895,-1.1136299846781383,9801.206426780896,13.624356176440397,2026-02-12 00:30:00+00:00
SOL,15m,TREND_MOMENTUM,SELL,78.19,79.29154115274227,75.98691769451545,88.97721526227984,98.01206426780897,2.0,9828,2026-02-12 17:15:00+00:00,TREND_DOWN,79.29154115274227,2026-02-13 02:45:00+00:00,SL,-98.01206426780895,-1.408800553449637,9703.194362513088,14.488112614675988,2026-02-13 02:45:00+00:00
SOL,15m,TREND_MOMENTUM,SELL,87.01,87.79989983864178,85.43020032271644,122.8408196562954,97.03194362513088,2.000000000000018,10108,2026-02-15 15:15:00+00:00,TREND_DOWN,87.79989983864178,2026-02-15 17:00:00+00:00,SL,-97.03194362513088,-0.9078265011398379,9606.162418887958,15.343231488529224,2026-02-15 17:00:00+00:00
SOL,15m,TREND_MOMENTUM,SELL,86.51,87.2728689785441,84.98426204291184,125.9215237355828,96.06162418887958,1.9999999999999813,10119,2026-02-15 18:00:00+00:00,TREND_DOWN,84.98426204291184,2026-02-15 20:00:00+00:00,TP,192.12324837775736,1.7636550191748563,9798.285667265714,13.650096118299828,2026-02-15 20:00:00+00:00
SOL,15m,TREND_MOMENTUM,SELL,85.7,86.46743959167469,84.16512081665063,127.67500886791808,97.98285667265715,2.0,10128,2026-02-15 20:15:00+00:00,TREND_DOWN,86.46743959167469,2026-02-15 22:00:00+00:00,SL,-97.98285667265715,-0.8954954395270563,9700.302810593057,14.513595157116832,2026-02-15 22:00:00+00:00
SOL,15m,TREND_MOMENTUM,SELL,85.38,86.08794891726286,83.96410216547426,137.01981278673586,97.00302810593057,2.0,10154,2026-02-16 02:45:00+00:00,TREND_DOWN,86.08794891726286,2026-02-16 09:30:00+00:00,SL,-97.00302810593057,-0.8291741827862128,9603.299782487127,15.368459205545658,2026-02-16 09:30:00+00:00
SOL,15m,TREND_MOMENTUM,SELL,83.95,84.85614785636758,82.13770428726484,105.97939083565537,96.03299782487127,2.0,10203,2026-02-16 15:00:00+00:00,TREND_DOWN,84.85614785636758,2026-02-16 18:15:00+00:00,SL,-96.03299782487127,-1.0793899420697821,9507.266784662255,16.214774613490206,2026-02-16 18:15:00+00:00
SOL,15m,SMC_ORDER_BLOCKS,SELL,84.92,85.46689321716137,83.6074562788127,173.84137316621718,95.07266784662255,2.400000000000021,10291,2026-02-17 13:00:00+00:00,TREND_DOWN,85.46689321716137,2026-02-17 13:45:00+00:00,SL,-95.07266784662255,-0.6440099118716072,9412.194116815634,17.052626867355297,2026-02-17 13:45:00+00:00
SOL,15m,TREND_MOMENTUM,SELL,83.8,84.57166875224327,82.25666249551344,121.97194831919794,94.12194116815634,2.000000000000018,10302,2026-02-17 15:45:00+00:00,TREND_DOWN,84.57166875224327,2026-02-17 16:00:00+00:00,SL,-94.12194116815634,-0.9208457664000861,9318.072175647478,17.882100598681742,2026-02-17 16:00:00+00:00
SOL,15m,TREND_MOMENTUM,SELL,83.2,83.7774480462804,82.0451039074392,161.36641617664844,93.18072175647478,2.0000000000000244,10387,2026-02-18 13:00:00+00:00,TREND_DOWN,82.0451039074392,2026-02-18 14:45:00+00:00,TP,186.36144351295184,1.3880962650971205,9504.433619160429,16.239742610655362,2026-02-18 14:45:00+00:00
SOL,15m,TREND_MOMENTUM,SELL,82.57,83.22683453263237,81.25633093473523,144.70057749658548,95.04433619160429,2.0000000000000218,10394,2026-02-18 14:45:00+00:00,TREND_DOWN,83.22683453263237,2026-02-18 15:30:00+00:00,SL,-95.04433619160429,-0.7954881102487268,9409.389282968825,17.077345184548808,2026-02-18 15:30:00+00:00
SOL,15m,TREND_MOMENTUM,SELL,81.3,82.06124950681765,79.77750098636471,123.60453699739172,94.09389282968824,1.9999999999999813,10410,2026-02-18 18:45:00+00:00,TREND_DOWN,82.06124950681765,2026-02-19 02:00:00+00:00,SL,-94.09389282968824,-0.9363462568482762,9315.295390139136,17.906571732703327,2026-02-19 02:00:00+00:00
SOL,15m,BTC_MICROSTRUCTURE,SELL,81.51,81.95007917186821,80.6298416562636,211.6731712294911,93.15295390139136,2.0,10450,2026-02-19 04:45:00+00:00,TREND_DOWN,81.95007917186821,2026-02-19 05:15:00+00:00,SL,-93.15295390139136,-0.5399081976054543,9222.142436237744,18.727506015376296,2026-02-19 05:15:00+00:00
SOL,15m,SMC_ORDER_BLOCKS,SELL,80.01,80.57156533107596,78.66224320541772,164.2220757924675,92.22142436237743,2.399999999999985,10486,2026-02-19 13:45:00+00:00,TREND_DOWN,80.57156533107596,2026-02-19 14:30:00+00:00,SL,-92.22142436237743,-0.7018689302286639,9129.921011875367,19.540230955222526,2026-02-19 14:30:00+00:00
SOL,15m,SMC_ORDER_BLOCKS,SELL,83.99,84.38843639157477,83.03375266022053,229.14375305404084,91.29921011875368,2.400000000000007,10774,2026-02-22 13:45:00+00:00,TREND_DOWN,83.03375266022053,2026-02-22 15:15:00+00:00,TP,219.11810428500948,1.1385252289313803,9349.039116160377,17.609196498147863,2026-02-22 15:15:00+00:00
SOL,15m,TREND_MOMENTUM,SELL,83.58,83.98890670053238,82.76218659893523,228.6350187949528,93.49039116160377,2.0,10786,2026-02-22 16:45:00+00:00,TREND_DOWN,82.76218659893523,2026-02-22 23:15:00+00:00,TP,186.98078232320754,0.9784797811255901,9536.019898483584,15.96138042811082,2026-02-22 23:15:00+00:00
SOL,15m,TREND_MOMENTUM,SELL,82.79,83.25086392893945,81.86827214212113,206.9161698210611,95.36019898483585,1.9999999999999691,10815,2026-02-23 00:00:00+00:00,TREND_DOWN,81.86827214212113,2026-02-23 00:30:00+00:00,TP,190.72039796966877,1.113332356418502,9726.740296453254,14.280608036673053,2026-02-23 00:30:00+00:00
SOL,15m,TREND_MOMENTUM,SELL,82.08,82.57594900111457,81.08810199777088,196.12380052372183,97.26740296453254,1.9999999999999714,10817,2026-02-23 00:30:00+00:00,TREND_DOWN,81.08810199777088,2026-02-23 01:00:00+00:00,TP,194.5348059290623,1.2084527317606248,9921.275102382317,12.566220197406535,2026-02-23 01:00:00+00:00
SOL,15m,TREND_MOMENTUM,SELL,78.31,79.17028925389315,76.5894214922137,115.32487541236505,99.21275102382317,2.0000000000000164,10886,2026-02-23 17:45:00+00:00,TREND_DOWN,79.17028925389315,2026-02-23 18:30:00+00:00,SL,-99.21275102382317,-1.0985688339843476,9822.062351358494,13.440557995432462,2026-02-23 18:30:00+00:00
SOL,15m,TREND_MOMENTUM,SELL,78.29,79.10367740243615,76.66264519512772,120.71199620330297,98.22062351358494,2.0,10893,2026-02-23 19:30:00+00:00,TREND_DOWN,76.66264519512772,2026-02-24 01:15:00+00:00,TP,196.44124702716988,2.078624096145463,10018.503598385663,11.709369155341118,2026-02-24 01:15:00+00:00
SOL,15m,TREND_MOMENTUM,SELL,77.86,78.74072451036812,76.09855097926376,113.75297814975228,100.18503598385664,1.9999999999999838,10916,2026-02-24 01:15:00+00:00,TREND_DOWN,76.09855097926376,2026-02-24 09:30:00+00:00,TP,200.37007196771168,2.2623285650349816,10218.873670353374,9.943556538447963,2026-02-24 09:30:00+00:00
SOL,15m,BTC_MICROSTRUCTURE,SELL,76.47,77.00293489636076,75.40413020727848,191.74712971762239,102.18873670353375,2.0,10965,2026-02-24 13:30:00+00:00,TREND_DOWN,77.00293489636076,2026-02-24 14:45:00+00:00,SL,-102.18873670353375,-0.6969202253965702,10116.68493364984,10.844120973063486,2026-02-24 14:45:00+00:00
SOL,15m,TREND_MOMENTUM,SELL,85.12,86.15079231920096,83.05841536159808,98.14474501994779,101.1668493364984,2.0000000000000138,11171,2026-02-26 17:00:00+00:00,TREND_DOWN,86.15079231920096,2026-02-26 19:00:00+00:00,SL,-101.1668493364984,-1.2109872171063856,10015.518084313342,11.735679763332847,2026-02-26 19:00:00+00:00
SOL,15m,BTC_MICROSTRUCTURE,SELL,85.84,86.41435148487477,84.69129703025047,174.379597651726,100.15518084313342,2.0,11199,2026-02-27 00:00:00+00:00,TREND_DOWN,86.41435148487477,2026-02-27 02:15:00+00:00,SL,-100.15518084313342,-0.6690953924449766,9915.362903470208,12.618322965699525,2026-02-27 02:15:00+00:00
SOL,15m,SMC_ORDER_BLOCKS,SELL,83.13,83.86317334263502,81.37038397767594,135.23899911355707,99.15362903470208,2.3999999999999844,11250,2026-02-27 12:45:00+00:00,TREND_DOWN,81.37038397767594,2026-02-27 16:45:00+00:00,TP,237.96870968328344,2.1167039845110707,10153.331613153492,10.521162716876322,2026-02-27 16:45:00+00:00
SOL,15m,BTC_MICROSTRUCTURE,SELL,81.59,82.0288134576367,80.71237308472662,231.38150018998797,101.53331613153492,1.9999999999999676,11309,2026-02-28 03:30:00+00:00,TREND_DOWN,80.71237308472662,2026-02-28 06:15:00+00:00,TP,203.06663226306654,1.0756550009478878,10356.398245416558,8.731585971213883,2026-02-28 06:15:00+00:00
SOL,15m,TREND_MOMENTUM,SELL,79.21,80.28553366244287,77.05893267511425,96.29078667694958,103.56398245416558,1.9999999999999867,11325,2026-02-28 07:30:00+00:00,TREND_DOWN,80.28553366244287,2026-02-28 13:45:00+00:00,SL,-103.56398245416558,-1.35782560591198,10252.834262962393,9.644270111501738,2026-02-28 13:45:00+00:00
SOL,15m,TREND_MOMENTUM,SELL,83.62,84.51455505070605,81.83088989858791,114.61378765756375,102.52834262962394,2.0,11467,2026-03-01 19:00:00+00:00,TREND_DOWN,81.83088989858791,2026-03-01 20:30:00+00:00,TP,205.05668525924787,2.13957199403503,10457.89094822164,7.837155513731776,2026-03-01 20:30:00+00:00
SOL,15m,SMC_ORDER_BLOCKS,SELL,81.98,82.79970577907434,80.0127061302216,127.58103230687608,104.5789094822164,2.3999999999999826,11474,2026-03-01 20:45:00+00:00,TREND_DOWN,82.79970577907434,2026-03-01 21:15:00+00:00,SL,-104.5789094822164,-0.9998850684000243,10353.312038739425,8.758783958594453,2026-03-01 21:15:00+00:00
SOL,15m,BTC_MICROSTRUCTURE,SELL,83.44,84.26061495316047,81.79877009367905,126.16528615357588,103.53312038739425,2.0,11522,2026-03-02 08:45:00+00:00,TREND_DOWN,84.26061495316047,2026-03-02 11:45:00+00:00,SL,-103.53312038739425,-0.9834790905566542,10249.77891835203,9.671196119008506,2026-03-02 11:45:00+00:00
SOL,15m,TREND_MOMENTUM,SELL,84.83,85.55502382634212,83.37995234731575,141.3716149173196,102.49778918352031,2.0,11619,2026-03-03 09:00:00+00:00,TREND_DOWN,83.37995234731575,2026-03-03 13:45:00+00:00,TP,204.99557836704065,1.7093571291810064,10454.774496719072,7.864620041388671,2026-03-03 13:45:00+00:00
SOL,15m,TREND_MOMENTUM,SELL,83.64,84.42481911712466,82.0703617657507,133.21253609395075,104.54774496719072,1.9999999999999818,11638,2026-03-03 13:45:00+00:00,TREND_DOWN,84.42481911712466,2026-03-03 15:30:00+00:00,SL,-104.54774496719072,-0.9383298865670199,10350.226751751881,8.785973840974783,2026-03-03 15:30:00+00:00
SOL,15m,TREND_MOMENTUM,SELL,88.86,90.022379565769,86.535240868462,89.04343345802396,103.50226751751882,2.0,11841,2026-03-05 16:30:00+00:00,TREND_DOWN,86.535240868462,2026-03-06 12:00:00+00:00,TP,207.00453503503763,2.616204289374299,10557.231286786919,6.961693317794282,2026-03-06 12:00:00+00:00
SOL,15m,TREND_MOMENTUM,SELL,86.82,87.4304796337586,85.59904073248279,172.9333904521623,105.57231286786919,2.0,11920,2026-03-06 12:15:00+00:00,TREND_DOWN,85.59904073248279,2026-03-06 13:45:00+00:00,TP,211.14462573573837,1.4063110660184313,10768.375912522657,5.1009271841501675,2026-03-06 13:45:00+00:00
SOL,15m,SMC_ORDER_BLOCKS,SELL,85.2,86.00170812863314,83.27590049128048,134.31790857455903,107.68375912522657,2.3999999999999893,11928,2026-03-06 14:15:00+00:00,TREND_DOWN,83.27590049128048,2026-03-07 18:00:00+00:00,TP,258.44102190054264,2.258332756713054,11026.8169344232,2.8233494365697855,2026-03-07 18:00:00+00:00
SOL,15m,SMC_ORDER_BLOCKS,SELL,83.44,83.8411661335993,82.47720127936167,274.8690881627883,110.26816934423199,2.400000000000007,12040,2026-03-07 18:15:00+00:00,TREND_DOWN,82.47720127936167,2026-03-07 19:45:00+00:00,TP,264.64360642615753,1.1538814964505422,11291.460540849357,0.4911098230474502,2026-03-07 19:45:00+00:00
SOL,15m,TREND_MOMENTUM,SELL,82.85,83.30715392746635,81.93569214506728,246.9947180248271,112.91460540849357,2.000000000000031,12047,2026-03-07 20:00:00+00:00,TREND_DOWN,83.30715392746635,2026-03-07 22:00:00+00:00,SL,-112.91460540849357,-0.5517850663444185,11178.545935440863,1.4861987248169797,2026-03-07 22:00:00+00:00
SOL,15m,BTC_MICROSTRUCTURE,SELL,82.65,83.0830089521026,81.78398209579481,258.15969580213726,111.78545935440863,2.0,12076,2026-03-08 03:15:00+00:00,TREND_DOWN,81.78398209579481,2026-03-08 04:45:00+00:00,TP,223.57091870881723,1.0478135562071307,11402.11685414968,0.0,2026-03-08 04:45:00+00:00
SOL,15m,BTC_MICROSTRUCTURE,SELL,82.33,82.94989043388517,81.09021913222966,183.93761592168318,114.0211685414968,1.9999999999999771,12122,2026-03-08 14:45:00+00:00,TREND_DOWN,82.94989043388517,2026-03-08 20:30:00+00:00,SL,-114.0211685414968,-0.7529338441457243,11288.095685608185,0.9999999999999936,2026-03-08 20:30:00+00:00
SOL,15m,BTC_MICROSTRUCTURE,SELL,85.67,86.16937127240539,84.67125745518923,226.0461566248177,112.88095685608185,2.0,12367,2026-03-11 04:00:00+00:00,TREND_DOWN,86.16937127240539,2026-03-11 04:15:00+00:00,SL,-112.88095685608185,-0.5829009833143266,11175.214728752104,1.9899999999999858,2026-03-11 04:15:00+00:00
SOL,15m,BTC_MICROSTRUCTURE,SELL,85.47,85.97309778351409,84.46380443297181,222.12808513474712,111.75214728752104,2.0,12385,2026-03-11 08:30:00+00:00,TREND_DOWN,84.46380443297181,2026-03-11 11:45:00+00:00,TP,223.50429457504208,1.1772499906729685,11398.719023327147,0.029799999999978562,2026-03-11 11:45:00+00:00
SOL,15m,BTC_MICROSTRUCTURE,SELL,85.13,85.6806335501067,84.02873289978656,207.01097891906758,113.98719023327146,2.0000000000000258,12400,2026-03-11 12:15:00+00:00,TREND_DOWN,85.6806335501067,2026-03-11 12:30:00+00:00,SL,-113.98719023327146,-0.6468149302322448,11284.731833093876,1.0295019999999717,2026-03-11 12:30:00+00:00
SOL,15m,TREND_MOMENTUM,SELL,88.03,88.62899769264595,86.8320046147081,188.3935776654805,112.84731833093876,2.0,12634,2026-03-13 22:45:00+00:00,TREND_DOWN,88.62899769264595,2026-03-14 04:30:00+00:00,SL,-112.84731833093876,-0.6804472255435101,11171.884514762938,2.019206979999965,2026-03-14 04:30:00+00:00
SOL,15m,BTC_MICROSTRUCTURE,SELL,88.09,88.46636301010008,87.33727397979986,296.8380051958939,111.71884514762938,1.9999999999999623,12662,2026-03-14 05:45:00+00:00,TREND_DOWN,87.33727397979986,2026-03-14 06:30:00+00:00,TP,223.43769029525455,0.8544965605632227,11395.322205058194,0.05959111959999367,2026-03-14 06:30:00+00:00
SOL,15m,TREND_MOMENTUM,SELL,87.19,87.56323170405481,86.44353659189038,305.31495800754794,113.95322205058194,1.999999999999962,12673,2026-03-14 08:30:00+00:00,TREND_DOWN,87.56323170405481,2026-03-14 23:00:00+00:00,SL,-113.95322205058194,-0.42806709950087946,11281.368983007611,1.058995208403999,2026-03-14 23:00:00+00:00
SOL,15m,BTC_MICROSTRUCTURE,SELL,93.79,94.43232821933645,92.50534356132711,175.6324670689656,112.81368983007611,2.0,12972,2026-03-17 11:15:00+00:00,TREND_DOWN,94.43232821933645,2026-03-17 13:30:00+00:00,SL,-112.81368983007613,-0.6848578945905199,11168.555293177535,2.048405256319961,2026-03-17 13:30:00+00:00
SOL,15m,BTC_MICROSTRUCTURE,SELL,89.63,90.25861122278833,88.37277755442334,177.6703133557984,111.68555293177535,1.9999999999999774,13149,2026-03-19 07:30:00+00:00,TREND_DOWN,90.25861122278833,2026-03-19 09:45:00+00:00,SL,-111.68555293177535,-0.7013402017051618,11056.86974024576,3.027921203756754,2026-03-19 09:45:00+00:00
SOL,15m,TREND_MOMENTUM,SELL,88.51,89.20970703610136,87.11058592779727,158.02141710411613,110.5686974024576,2.0000000000000204,13173,2026-03-19 13:30:00+00:00,TREND_DOWN,87.11058592779727,2026-03-19 16:15:00+00:00,TP,221.13739480491745,1.5810801855188465,11278.007135050677,1.0884796278318756,2026-03-19 16:15:00+00:00
SOL,15m,TREND_MOMENTUM,SELL,87.5,88.2975170873395,85.904965825321,141.41398741278218,112.78007135050677,2.0,13184,2026-03-19 16:15:00+00:00,TREND_DOWN,88.2975170873395,2026-03-19 17:45:00+00:00,SL,-112.78007135050677,-0.9114480998165716,11165.22706370017,2.0775948315535637,2026-03-19 17:45:00+00:00
SOL,15m,TREND_MOMENTUM,SELL,87.45,88.07849104089078,86.19301791821844,177.6513321156553,111.65227063700169,2.0,13414,2026-03-22 01:45:00+00:00,TREND_DOWN,88.07849104089078,2026-03-22 02:15:00+00:00,SL,-111.65227063700169,-0.7186861531055222,11053.574793063168,3.0568188832380265,2026-03-22 02:15:00+00:00
SOL,15m,BTC_MICROSTRUCTURE,SELL,88.18,88.63257346464069,87.27485307071865,244.23824321735617,110.53574793063169,2.0,13435,2026-03-22 07:00:00+00:00,TREND_DOWN,87.27485307071865,2026-03-22 08:15:00+00:00,TP,221.07149586126337,1.0264764450911292,11274.64628892443,1.117955260902794,2026-03-22 08:15:00+00:00
SOL,15m,TREND_MOMENTUM,SELL,87.25,87.73407270411155,86.2818545917769,232.91225043596333,112.7464628892443,1.9999999999999707,13441,2026-03-22 08:30:00+00:00,TREND_DOWN,86.2818545917769,2026-03-22 21:00:00+00:00,TP,225.49292577848527,1.1096222443817698,11500.139214702916,0.0,2026-03-22 21:00:00+00:00
SOL,15m,TREND_MOMENTUM,SELL,85.99,86.51304089632428,84.94391820735142,219.8707461600238,115.00139214702916,2.0,13494,2026-03-22 21:45:00+00:00,TREND_DOWN,86.51304089632428,2026-03-22 22:15:00+00:00,SL,-115.00139214702916,-0.6082578164022439,11385.137822555887,0.9999999999999988,2026-03-22 22:15:00+00:00
SOL,15m,BTC_MICROSTRUCTURE,SELL,86.19,86.85733209800549,84.85533580398902,170.60677669459645,113.85137822555888,2.0,13507,2026-03-23 01:00:00+00:00,TREND_DOWN,86.85733209800549,2026-03-23 02:15:00+00:00,SL,-113.85137822555888,-0.7742569880560253,11271.286444330328,1.9900000000000047,2026-03-23 02:15:00+00:00
SOL,15m,BTC_MICROSTRUCTURE,SELL,85.83,86.43005849924171,84.62988300151659,187.8364602546876,112.71286444330327,1.9999999999999762,13540,2026-03-23 09:15:00+00:00,TREND_DOWN,86.43005849924171,2026-03-23 11:00:00+00:00,SL,-112.71286444330327,-0.6991244311333004,11158.573579887025,2.9701000000000044,2026-03-23 11:00:00+00:00
SOL,15m,SMC_ORDER_BLOCKS,SELL,89.29,90.00073688035293,87.584231487153,157.00006413549403,111.58573579887025,2.399999999999972,13666,2026-03-24 16:45:00+00:00,TREND_DOWN,90.00073688035293,2026-03-24 20:15:00+00:00,SL,-111.58573579887025,-0.795987098614543,11046.987844088155,3.9403990000000007,2026-03-24 20:15:00+00:00
SOL,15m,BTC_MICROSTRUCTURE,SELL,91.27,91.769071917502,90.27185616499598,221.35062015473386,110.46987844088154,2.0,13782,2026-03-25 21:45:00+00:00,TREND_DOWN,91.769071917502,2026-03-25 22:30:00+00:00,SL,-110.46987844088154,-0.5468082803791032,10936.517965647274,4.900995009999996,2026-03-25 22:30:00+00:00
SOL,15m,BTC_MICROSTRUCTURE,SELL,90.96,91.41026885973199,90.05946228053601,242.88861486350376,109.36517965647273,2.0,13805,2026-03-26 03:30:00+00:00,TREND_DOWN,90.05946228053601,2026-03-26 05:00:00+00:00,TP,218.73035931294547,0.9900370706508175,11155.24832496022,2.9990149101999966,2026-03-26 05:00:00+00:00
SOL,15m,SMC_ORDER_BLOCKS,SELL,88.7,89.14999640515406,87.62000862763026,247.89638755316946,111.55248324960219,2.4000000000000443,13824,2026-03-26 08:15:00+00:00,TREND_DOWN,87.62000862763026,2026-03-26 11:00:00+00:00,TP,267.7259597990502,1.2175776464145966,11422.97428475927,0.6709912680447505,2026-03-26 11:00:00+00:00
SOL,15m,SMC_ORDER_BLOCKS,SELL,86.48,86.91068842082517,85.4463477900196,265.22594368508453,114.2297428475927,2.4000000000000266,13900,2026-03-27 03:15:00+00:00,TREND_DOWN,85.4463477900196,2026-03-27 08:30:00+00:00,TP,274.1513828342255,1.1952500115407063,11697.125667593495,0.0,2026-03-27 08:30:00+00:00
SOL,15m,TREND_MOMENTUM,SELL,84.83,85.42729135253526,83.63541729492948,195.83617974617965,116.97125667593495,1.9999999999999762,13923,2026-03-27 09:00:00+00:00,TREND_DOWN,83.63541729492948,2026-03-27 10:30:00+00:00,TP,233.94251335186712,1.4082078333968124,11931.068180945362,0.0,2026-03-27 10:30:00+00:00
SOL,15m,TREND_MOMENTUM,SELL,82.24,82.89899232182513,80.92201535634972,181.05018504466327,119.31068180945363,2.0,13958,2026-03-27 17:45:00+00:00,TREND_DOWN,82.89899232182513,2026-03-27 20:00:00+00:00,SL,-119.31068180945363,-0.8013038932698671,11811.757499135909,0.9999999999999943,2026-03-27 20:00:00+00:00
SOL,15m,BTC_MICROSTRUCTURE,SELL,82.55,82.93053371014398,81.78893257971203,310.3997670710121,118.11757499135909,2.0000000000000373,13988,2026-03-28 01:15:00+00:00,TREND_DOWN,82.93053371014398,2026-03-28 02:00:00+00:00,SL,-118.1175749913591,-0.46097360405085286,11693.63992414455,1.989999999999987,2026-03-28 02:00:00+00:00
SOL,15m,BTC_MICROSTRUCTURE,SELL,82.56,82.91060287956776,81.85879424086448,333.5294889352036,116.93639924144551,2.0,13995,2026-03-28 03:00:00+00:00,TREND_DOWN,82.91060287956776,2026-03-28 06:15:00+00:00,SL,-116.93639924144551,-0.4246643405617241,11576.703524903105,2.9700999999999875,2026-03-28 06:15:00+00:00
SOL,15m,BTC_MICROSTRUCTURE,SELL,82.36,82.7667007034216,81.54659859315679,284.64921322995895,115.76703524903105,2.0,14083,2026-03-29 01:00:00+00:00,TREND_DOWN,82.7667007034216,2026-03-29 02:45:00+00:00,SL,-115.76703524903105,-0.4938085277095752,11460.936489654074,3.9403989999999895,2026-03-29 02:45:00+00:00
SOL,15m,SMC_ORDER_BLOCKS,SELL,82.51,82.81186592853173,81.78552177152386,379.6697608570803,114.60936489654074,2.4000000000000092,14112,2026-03-29 08:15:00+00:00,TREND_DOWN,82.81186592853173,2026-03-29 11:45:00+00:00,SL,-114.60936489654074,-0.36585374928096664,11346.327124757532,4.900995009999997,2026-03-29 11:45:00+00:00
SOL,15m,BTC_MICROSTRUCTURE,SELL,82.0,82.35944010219804,81.28111979560391,315.66670094329635,113.46327124757532,2.0000000000000395,14133,2026-03-29 13:30:00+00:00,TREND_DOWN,82.35944010219804,2026-03-29 14:00:00+00:00,SL,-113.4632712475753,-0.43834158804638534,11232.863853509956,5.851985059900002,2026-03-29 14:00:00+00:00
SOL,15m,SMC_ORDER_BLOCKS,SELL,81.62,82.04944658005486,80.58932820786833,261.5660334767379,112.32863853509957,2.4000000000000266,14141,2026-03-29 15:30:00+00:00,TREND_DOWN,82.04944658005486,2026-03-29 16:15:00+00:00,SL,-112.32863853509957,-0.5261536143774295,11120.535214974856,6.793465209301008,2026-03-29 16:15:00+00:00
SOL,15m,BTC_MICROSTRUCTURE,SELL,81.57,81.99416904122471,80.72166191755058,262.17225054582536,111.20535214974856,1.9999999999999665,14149,2026-03-29 17:30:00+00:00,TREND_DOWN,81.99416904122471,2026-03-29 20:15:00+00:00,SL,-111.20535214974856,-0.5200061802436131,11009.329862825107,7.725530557208003,2026-03-29 20:15:00+00:00
SOL,15m,SMC_ORDER_BLOCKS,SELL,82.18,82.76757222136065,80.76982666873447,187.3698153621137,110.09329862825108,2.3999999999999857,14253,2026-03-30 19:30:00+00:00,TREND_DOWN,82.76757222136065,2026-03-30 20:00:00+00:00,SL,-110.09329862825109,-0.7149820167445183,10899.236564196855,8.648275251635926,2026-03-30 20:00:00+00:00
SOL,15m,SMC_ORDER_BLOCKS,SELL,82.54,83.0656532675229,81.27843215794503,207.34650077528661,108.99236564196856,2.4000000000000323,14268,2026-03-30 23:15:00+00:00,TREND_DOWN,83.0656532675229,2026-03-31 01:15:00+00:00,SL,-108.99236564196856,-0.6368467016269665,10790.244198554887,9.561792499119568,2026-03-31 01:15:00+00:00
SOL,15m,SMC_ORDER_BLOCKS,SELL,81.84,82.36036401159458,80.59112637217301,207.35953982462672,107.90244198554888,2.4000000000000052,14309,2026-03-31 09:30:00+00:00,TREND_DOWN,80.59112637217301,2026-03-31 09:45:00+00:00,TP,258.9658607653179,1.525994168899066,11049.210059320205,7.391275519098429,2026-03-31 09:45:00+00:00
SOL,15m,TREND_MOMENTUM,SELL,80.87,81.51394454430395,79.5821109113921,171.5863603016234,110.49210059320205,2.0,14317,2026-03-31 11:30:00+00:00,TREND_DOWN,81.51394454430395,2026-03-31 13:30:00+00:00,SL,-110.49210059320205,-0.7962712307455779,10938.717958727002,8.317362763907452,2026-03-31 13:30:00+00:00
SOL,15m,SMC_ORDER_BLOCKS,SELL,80.95,81.77336378174887,78.97392692380274,132.8540093844376,109.38717958727003,2.3999999999999826,14457,2026-04-01 22:30:00+00:00,TREND_DOWN,78.97392692380274,2026-04-02 01:45:00+00:00,TP,262.52923100944616,2.4411032442214537,11201.247189736448,6.116979470241244,2026-04-02 01:45:00+00:00
SOL,15m,TREND_MOMENTUM,SELL,79.24,80.05085957114044,77.6182808577191,138.14040788816683,112.01247189736449,2.0000000000000173,14476,2026-04-02 03:15:00+00:00,TREND_DOWN,77.6182808577191,2026-04-02 13:00:00+00:00,TP,224.02494379473092,2.0465915475528713,11425.27213353118,4.239319059646049,2026-04-02 13:00:00+00:00
SOL,15m,TREND_MOMENTUM,SELL,77.75,78.3459841734217,76.5580316531566,191.704287513807,114.2527213353118,2.0,14518,2026-04-02 13:45:00+00:00,TREND_DOWN,78.3459841734217,2026-04-02 14:15:00+00:00,SL,-114.2527213353118,-0.7665391298028269,11311.019412195868,5.196925869049585,2026-04-02 14:15:00+00:00
SOL,15m,BTC_MICROSTRUCTURE,SELL,80.35,80.53996929283215,79.97006141433566,595.4130398426701,113.11019412195868,2.0000000000000746,14773,2026-04-05 05:30:00+00:00,TREND_DOWN,79.97006141433566,2026-04-05 06:00:00+00:00,TP,226.22038824392584,0.4728544936706087,11537.239800439795,3.3008643864305034,2026-04-05 06:00:00+00:00
SOL,15m,SMC_ORDER_BLOCKS,SELL,79.61,79.88050601789868,78.96078555704317,426.5058459720123,115.37239800439795,2.399999999999979,14782,2026-04-05 07:45:00+00:00,TREND_DOWN,79.88050601789868,2026-04-05 10:00:00+00:00,SL,-115.37239800439795,-0.33978899371772725,11421.867402435397,4.267855742566197,2026-04-05 10:00:00+00:00
SOL,15m,SMC_ORDER_BLOCKS,SELL,78.88,79.19337815135125,78.12789243675697,364.47554984881106,114.21867402435397,2.400000000000027,14805,2026-04-05 13:30:00+00:00,TREND_DOWN,79.19337815135125,2026-04-05 13:45:00+00:00,SL,-114.21867402435399,-0.3972846746339488,11307.648728411043,5.225177185140537,2026-04-05 13:45:00+00:00
SOL,15m,TREND_MOMENTUM,SELL,80.05,80.50860405675695,79.1327918864861,246.56669651755277,113.07648728411043,1.999999999999969,14948,2026-04-07 01:15:00+00:00,TREND_DOWN,80.50860405675695,2026-04-07 09:00:00+00:00,SL,-113.07648728411043,-0.5728970103147457,11194.572241126933,6.1729254132891285,2026-04-07 09:00:00+00:00
SOL,15m,TREND_MOMENTUM,SELL,78.98,79.4353155119184,78.0693689761632,245.86406454637083,111.94572241126933,2.0,14996,2026-04-07 13:15:00+00:00,TREND_DOWN,79.4353155119184,2026-04-07 17:15:00+00:00,SL,-111.94572241126933,-0.5764946972884272,11082.626518715664,7.11119615915623,2026-04-07 17:15:00+00:00
SOL,15m,BTC_MICROSTRUCTURE,SELL,83.21,83.72769746897984,82.17460506204029,214.0753467571442,110.82626518715665,2.0000000000000275,15118,2026-04-08 19:45:00+00:00,TREND_DOWN,82.17460506204029,2026-04-09 00:30:00+00:00,TP,221.65253037431634,1.244315512510165,11304.27904908998,5.253420082339328,2026-04-09 00:30:00+00:00
SOL,15m,SMC_ORDER_BLOCKS,SELL,82.21,82.66990075921758,81.10623817787776,245.79822543284106,113.0427904908998,2.4000000000000496,15138,2026-04-09 00:45:00+00:00,TREND_DOWN,82.66990075921758,2026-04-09 09:45:00+00:00,SL,-113.0427904908998,-0.5594219185227945,11191.236258599081,6.20088588151593,2026-04-09 09:45:00+00:00
SOL,15m,SMC_ORDER_BLOCKS,SELL,83.99,84.25828732323836,83.34611042422789,417.1362300504922,111.91236258599082,2.4000000000000847,15352,2026-04-11 06:15:00+00:00,TREND_DOWN,84.25828732323836,2026-04-11 07:15:00+00:00,SL,-111.91236258599083,-0.3194276976287278,11079.323896013091,7.138877022700766,2026-04-11 07:15:00+00:00
SOL,15m,BTC_MICROSTRUCTURE,SELL,84.02,84.27881028031172,83.50237943937654,428.0867005232069,110.7932389601309,2.000000000000055,15371,2026-04-11 11:00:00+00:00,TREND_DOWN,84.27881028031172,2026-04-11 12:00:00+00:00,SL,-110.7932389601309,-0.30803413510083427,10968.530657052961,8.067488252473751,2026-04-11 12:00:00+00:00
SOL,15m,TREND_MOMENTUM,SELL,81.88,82.16730460399131,81.30539079201738,381.7735777524986,109.68530657052962,1.9999999999999505,15478,2026-04-12 13:45:00+00:00,TREND_DOWN,82.16730460399131,2026-04-12 17:45:00+00:00,SL,-109.68530657052962,-0.3508849584652129,10858.845350482432,8.98681336994901,2026-04-12 17:45:00+00:00
SOL,15m,TREND_MOMENTUM,SELL,84.11,84.72051546087825,82.88896907824352,177.863560324281,108.58845350482432,1.9999999999999767,15695,2026-04-14 20:00:00+00:00,TREND_DOWN,82.88896907824352,2026-04-15 06:45:00+00:00,TP,217.1769070096461,1.4517071950499107,11076.022257492077,7.166549637348017,2026-04-15 06:45:00+00:00
SOL,15m,TREND_MOMENTUM,SELL,83.0,83.34061830967059,82.31876338065882,325.17401275943365,110.76022257492077,2.0,15738,2026-04-15 06:45:00+00:00,TREND_DOWN,83.34061830967059,2026-04-15 10:00:00+00:00,SL,-110.76022257492077,-0.4103835056272155,10965.262034917156,8.094884140974544,2026-04-15 10:00:00+00:00
SOL,15m,BTC_MICROSTRUCTURE,SELL,88.37,88.73711019798039,87.63577960403924,298.69129474586714,109.65262034917156,2.0,16018,2026-04-18 04:45:00+00:00,TREND_DOWN,87.63577960403924,2026-04-18 08:15:00+00:00,TP,219.3052406983431,0.8308480207771434,11184.567275615498,6.25678182379404,2026-04-18 08:15:00+00:00
SOL,15m,SMC_ORDER_BLOCKS,SELL,87.54,87.9183578274872,86.63194121403073,295.608190529482,111.84567275615498,2.40000000000003,16034,2026-04-18 08:45:00+00:00,TREND_DOWN,86.63194121403073,2026-04-18 11:00:00+00:00,TP,268.4296146147753,1.0373072720690817,11452.996890230273,4.006944587565068,2026-04-18 11:00:00+00:00
SOL,15m,TREND_MOMENTUM,SELL,86.82,87.21638004414842,86.02723991170313,288.9397955145682,114.52996890230274,2.0,16044,2026-04-18 11:15:00+00:00,TREND_DOWN,86.02723991170313,2026-04-18 18:30:00+00:00,TP,229.05993780460548,0.9131076805999301,11682.05682803488,2.087083479316363,2026-04-18 18:30:00+00:00
SOL,15m,TREND_MOMENTUM,SELL,86.25,86.62061580301032,85.50876839397934,315.20665695168594,116.8205682803488,2.000000000000038,16075,2026-04-18 19:00:00+00:00,TREND_DOWN,85.50876839397934,2026-04-19 02:15:00+00:00,TP,233.64113656070205,0.8593989635022168,11915.697964595582,0.1288251489026545,2026-04-19 02:15:00+00:00
SOL,15m,BTC_MICROSTRUCTURE,SELL,85.69,86.04239699520205,84.98520600959588,338.1327913356182,119.15697964595581,2.0,16108,2026-04-19 03:15:00+00:00,TREND_DOWN,84.98520600959588,2026-04-19 07:15:00+00:00,TP,238.31395929191163,0.8224926950684011,12154.011923887494,0.0,2026-04-19 07:15:00+00:00
SOL,15m,TREND_MOMENTUM,SELL,85.0,85.40742794140039,84.18514411719924,298.3107118798111,121.54011923887494,1.9999999999999651,16127,2026-04-19 08:00:00+00:00,TREND_DOWN,85.40742794140039,2026-04-19 11:00:00+00:00,SL,-121.54011923887494,-0.4793269898828064,12032.47180464862,0.999999999999996,2026-04-19 11:00:00+00:00
SOL,15m,BTC_MICROSTRUCTURE,SELL,85.16,85.62600117644361,84.22799764711279,258.20689759792043,120.3247180464862,1.9999999999999696,16180,2026-04-19 21:15:00+00:00,TREND_DOWN,84.22799764711279,2026-04-19 22:00:00+00:00,TP,240.6494360929687,1.0944132842733794,12273.121240741588,0.0,2026-04-19 22:00:00+00:00
SOL,15m,SMC_ORDER_BLOCKS,SELL,83.8,84.3919921123261,82.37921893041738,207.31899944607696,122.73121240741588,2.399999999999976,16185,2026-04-19 22:30:00+00:00,TREND_DOWN,84.3919921123261,2026-04-20 01:00:00+00:00,SL,-122.73121240741588,-0.7064345015824538,12150.390028334172,1.0000000000000013,2026-04-20 01:00:00+00:00
SOL,15m,BTC_MICROSTRUCTURE,SELL,83.87,84.33656407449166,82.93687185101669,260.42275204263365,121.50390028334172,2.0,16214,2026-04-20 05:45:00+00:00,TREND_DOWN,84.33656407449166,2026-04-20 06:30:00+00:00,SL,-121.50390028334171,-0.5562943537518269,12028.88612805083,1.9900000000000024,2026-04-20 06:30:00+00:00
SOL,15m,BTC_MICROSTRUCTURE,SELL,86.94,87.4077856005418,86.0044287989164,257.14528438067873,120.2888612805083,2.0,16480,2026-04-23 00:15:00+00:00,TREND_DOWN,86.0044287989164,2026-04-23 02:15:00+00:00,TP,240.5777225610166,1.0761113424012012,12269.463850611846,0.029800000000004483,2026-04-23 02:15:00+00:00
SOL,15m,TREND_MOMENTUM,SELL,86.08,86.53957085020201,85.16085829959597,266.97654660252215,122.69463850611847,2.0,16488,2026-04-23 02:15:00+00:00,TREND_DOWN,86.53957085020201,2026-04-23 15:45:00+00:00,SL,-122.69463850611847,-0.5338880694725988,12146.769212105728,1.029502000000003,2026-04-23 15:45:00+00:00
SOL,15m,BTC_MICROSTRUCTURE,SELL,85.31,85.77591954468184,84.37816091063632,260.7052945246236,121.46769212105728,2.0,16558,2026-04-23 19:45:00+00:00,TREND_DOWN,85.77591954468184,2026-04-23 20:30:00+00:00,SL,-121.46769212105728,-0.5461488039876202,12025.30151998467,2.019206980000005,2026-04-23 20:30:00+00:00
SOL,15m,BTC_MICROSTRUCTURE,SELL,85.17,85.48887996131302,84.53224007737397,377.11060520922837,120.2530151998467,2.0,16612,2026-04-24 09:15:00+00:00,TREND_DOWN,85.48887996131302,2026-04-24 10:15:00+00:00,SL,-120.2530151998467,-0.3744040874873967,11905.048504784823,2.9990149102000085,2026-04-24 10:15:00+00:00
SOL,15m,SMC_ORDER_BLOCKS,SELL,85.48,85.90841782810617,84.4517972125452,277.88405906008956,119.05048504784824,2.4000000000000266,16893,2026-04-27 07:30:00+00:00,TREND_DOWN,84.4517972125452,2026-04-27 15:15:00+00:00,TP,285.7211641148389,1.2028577298254586,12190.769668899662,0.6709912680447844,2026-04-27 15:15:00+00:00
SOL,15m,TREND_MOMENTUM,SELL,84.27,84.70987754077603,83.39024491844793,277.1400796547269,121.90769668899662,1.9999999999999678,16929,2026-04-27 16:30:00+00:00,TREND_DOWN,84.70987754077603,2026-04-27 23:15:00+00:00,SL,-121.90769668899661,-0.5219859271105236,12068.861972210665,1.6642813553643399,2026-04-27 23:15:00+00:00
SOL,15m,BTC_MICROSTRUCTURE,SELL,84.46,84.71614452718875,83.94771094562249,471.17391515912254,120.68861972210665,2.0,16967,2026-04-28 02:00:00+00:00,TREND_DOWN,83.94771094562249,2026-04-28 02:45:00+00:00,TP,241.3772394442133,0.6065463584862708,12310.239211654878,0.0,2026-04-28 02:45:00+00:00
SOL,15m,BTC_MICROSTRUCTURE,SELL,84.17,84.46429793223682,83.58140413552637,418.2917330777935,123.10239211654878,2.0,16970,2026-04-28 02:45:00+00:00,TREND_DOWN,83.58140413552637,2026-04-28 09:45:00+00:00,TP,246.20478423309757,0.6992941243597861,12556.443995887976,0.0,2026-04-28 09:45:00+00:00
SOL,15m,BTC_MICROSTRUCTURE,SELL,83.68,83.98226017764868,83.07547964470267,415.41840190680347,125.56443995887976,1.999999999999953,16999,2026-04-28 10:00:00+00:00,TREND_DOWN,83.98226017764868,2026-04-28 13:45:00+00:00,SL,-125.56443995887976,-0.3612095813201202,12430.879555929096,1.000000000000002,2026-04-28 13:45:00+00:00
SOL,15m,BTC_MICROSTRUCTURE,SELL,83.4,83.80909791219055,82.58180417561891,303.8607430032335,124.30879555929096,2.0,17018,2026-04-28 14:45:00+00:00,TREND_DOWN,83.80909791219055,2026-04-28 18:15:00+00:00,SL,-124.30879555929096,-0.4905250745690003,12306.570760369805,1.9900000000000022,2026-04-28 18:15:00+00:00
SOL,15m,SMC_ORDER_BLOCKS,SELL,83.5,83.96213886556492,82.39086672264418,266.29594862847347,123.06570760369804,2.4000000000000123,17116,2026-04-29 15:15:00+00:00,TREND_DOWN,82.39086672264418,2026-04-29 18:00:00+00:00,TP,295.35769824887683,1.328303326174639,12601.928458618682,0.0,2026-04-29 18:00:00+00:00
SOL,15m,TREND_MOMENTUM,SELL,82.29,83.03002795575706,80.80994408848589,170.2898973016062,126.01928458618683,2.0,17130,2026-04-29 18:45:00+00:00,TREND_DOWN,83.03002795575706,2026-04-29 21:30:00+00:00,SL,-126.01928458618683,-0.8992926914048571,12475.909174032495,1.0000000000000053,2026-04-29 21:30:00+00:00
SOL,15m,BTC_MICROSTRUCTURE,SELL,82.69,83.1092535867999,81.85149282640019,297.5742979150002,124.75909174032495,2.0000000000000338,17173,2026-04-30 05:30:00+00:00,TREND_DOWN,83.1092535867999,2026-04-30 07:30:00+00:00,SL,-124.75909174032495,-0.507018486878579,12351.15008229217,1.9900000000000053,2026-04-30 07:30:00+00:00
