asset,entry_date,exit_date,strike,entry_price,premium_usd,margin_usd,pnl,reason,iv_rank,hv30
BTC,2024-05-18,2024-05-20,62230.02,66914.0,20.736935003965847,669.1400000000001,19.871226468866524,PROFIT_LOCK,50.581843266273665,47.8891691350413
BTC,2024-05-19,2024-05-20,61630.541999999994,66269.4,20.72373195826758,662.6940000000001,19.605074489939593,PROFIT_LOCK,53.097592211510324,47.8891691350413
BTC,2024-05-20,2024-05-23,66403.116,71401.2,31.68107020143689,714.0120000000001,-39.16810731398909,STOP_2X,100.0,48.12326049316277
BTC,2024-05-21,2024-05-27,65234.75699999999,70144.9,31.90083700355899,701.4490000000001,31.588134355961433,PROFIT_LOCK,100.0,47.23399374283313
BTC,2024-05-23,2024-05-27,63213.123,67971.1,30.626072712163296,679.7110000000002,29.201814802570905,PROFIT_LOCK,98.09525856664655,47.23399374283313
BTC,2024-05-28,2024-06-01,63616.743,68405.1,29.50154554311503,684.0510000000002,23.69888820507272,PROFIT_LOCK,89.27640305427883,43.18342713525365
BTC,2024-05-27,2024-06-02,64569.435,69429.5,29.486124244327584,694.2950000000002,29.037700196246725,PROFIT_LOCK,86.23272071855419,39.51909823710477
BTC,2024-05-29,2024-06-02,62918.219999999994,67654.0,29.341558348174114,676.5400000000001,27.710468202741325,PROFIT_LOCK,90.3919275651771,39.51909823710477
BTC,2024-06-01,2024-06-03,63018.380999999994,67761.7,21.317519198205446,677.6170000000001,17.966201384808507,PROFIT_LOCK,32.19944029868117,39.49774045550268
BTC,2024-06-30,2024-07-03,58375.541999999994,62769.4,2.411283411368504,627.6940000000002,-10.653814955471125,STOP_2X,24.373747622787757,28.073163815283042
BTC,2024-07-01,2024-07-03,58496.814,62899.8,2.4053362790900112,628.9980000000002,-17.898198761878735,STOP_2X,24.29929458553909,28.073163815283042
BTC,2024-07-02,2024-07-03,57787.224,62136.8,2.4456949686306646,621.3680000000002,-10.936368082235663,STOP_2X,24.774066908642187,28.073163815283042
BTC,2024-07-03,2024-07-04,55998.369,60213.3,2.7196046018490962,602.1330000000002,-41.54962293059307,STOP_2X,27.11437814375885,30.1328129844697
BTC,2024-07-04,2024-07-06,53061.708,57055.6,3.8146116492485365,570.556,3.4316721191389266,PROFIT_LOCK,34.54862124093318,31.52131223921815
BTC,2024-07-05,2024-07-06,52665.528,56629.6,3.563003888185085,566.296,3.0980707706082966,PROFIT_LOCK,33.31627442569898,31.52131223921815
BTC,2024-07-06,2024-07-07,54160.689,58237.3,4.9091632762519115,582.3730000000002,-26.623958592016514,STOP_2X,39.56036846200075,32.90621085583971
BTC,2024-07-07,2024-07-09,51943.475999999995,55853.2,5.805303368318619,558.532,5.606798612562153,PROFIT_LOCK,44.55911928565233,34.448056338097686
BTC,2024-07-08,2024-07-10,52740.85799999999,56710.6,6.406621307786691,567.1060000000001,5.439484992648829,PROFIT_LOCK,46.6860718273823,34.42133709012191
BTC,2024-07-09,2024-07-13,53973.479999999996,58036.0,7.452363675179459,580.3600000000001,7.389151774547414,PROFIT_LOCK,50.124365204651355,33.868842136961206
BTC,2024-07-10,2024-07-13,53682.39,57723.0,7.386366389885734,577.2300000000001,7.213878642576342,PROFIT_LOCK,50.02792286495714,33.868842136961206
BTC,2024-07-11,2024-07-13,53318.015999999996,57331.2,6.484297389195672,573.3120000000001,6.199842396132811,PROFIT_LOCK,46.71647220740943,33.868842136961206
BTC,2024-07-13,2024-07-14,55061.765999999996,59206.2,7.0395522991323105,592.0620000000001,5.811340990638405,PROFIT_LOCK,48.03370858166704,34.91624160616444
BTC,2024-07-14,2024-07-15,56533.95599999999,60789.2,8.289984685495984,607.892,7.911975524500168,PROFIT_LOCK,51.81426615933601,39.72098364861611
BTC,2024-07-15,2024-07-19,60188.297999999995,64718.6,14.996449159404257,647.1860000000001,14.7661576590376,PROFIT_LOCK,69.15684124308441,41.276072626278285
BTC,2024-07-16,2024-07-19,60495.198,65048.6,15.036102965609917,650.4860000000001,13.852526000300669,PROFIT_LOCK,69.06521776046264,41.276072626278285
BTC,2024-07-17,2024-07-19,59597.096999999994,64082.9,15.111933342501198,640.8290000000002,14.049315249240715,PROFIT_LOCK,69.81773055377529,41.276072626278285
BTC,2024-07-19,2024-07-21,61987.66199999999,66653.4,17.834388199086426,666.5340000000001,14.905532144655355,PROFIT_LOCK,74.76988916922332,41.337953161434974
BTC,2024-07-21,2024-07-23,63399.03,68171.0,18.340923862299043,681.7100000000002,-19.55986152555606,STOP_2X,74.99324514082295,41.80619244367193
BTC,2024-07-20,2024-07-25,62423.83199999999,67122.4,18.011080853644945,671.224,15.593149033774308,PROFIT_LOCK,74.88556078340282,38.78221327552162
BTC,2024-07-22,2024-07-26,62809.31699999999,67536.9,18.382310661085377,675.369,17.213735746326996,PROFIT_LOCK,75.46714757831245,39.33137406448574
BTC,2024-07-23,2024-07-26,61320.294,65935.8,18.482439838489064,659.3580000000002,17.915868489010165,PROFIT_LOCK,76.68334105806626,39.33137406448574
BTC,2024-07-25,2024-07-26,61190.28,65796.0,13.89686225793421,657.9600000000002,11.594518358408415,PROFIT_LOCK,65.76837719278915,39.33137406448574
BTC,2024-07-27,2024-07-31,63161.600999999995,67915.7,14.994277155206873,679.1570000000002,-20.594507426300332,STOP_2X,67.36712242048065,39.31026120881539
BTC,2024-07-28,2024-07-31,63469.61699999999,68246.9,14.102333914317114,682.469,-42.93694246713067,STOP_2X,64.99203783096914,39.31026120881539
BTC,2024-07-26,2024-08-01,63158.439,67912.3,15.1513143582858,679.1230000000002,12.508221368081013,PROFIT_LOCK,67.7505569084771,39.21352276240438
BTC,2024-07-31,2024-08-02,60109.155,64633.5,14.389906963852082,646.3350000000002,-48.63632529342594,STOP_2X,67.67435067691245,42.182411970052485
BTC,2024-08-01,2024-08-02,60775.779,65350.3,14.411327996068122,653.5030000000002,-84.67293877621933,STOP_2X,67.32517609989145,42.182411970052485
BTC,2024-08-02,2024-08-04,57189.234,61493.8,17.802897792175465,614.9380000000001,-51.33939501222722,STOP_2X,78.04129437305792,41.19074950227509
BTC,2024-08-03,2024-08-04,56466.159,60716.3,13.28250099687175,607.1630000000001,-41.24553764972589,STOP_2X,67.03317332714396,41.19074950227509
BTC,2024-08-04,2024-08-05,54086.846999999994,58157.9,15.443407171023956,581.5790000000002,-114.82369071613857,STOP_2X,74.4619178626825,45.71680043781212
BTC,2024-08-05,2024-08-06,50228.92799999999,54009.6,20.62682283829763,540.0960000000001,16.978240895670048,PROFIT_LOCK,90.79856559296701,45.529336468427275
BTC,2024-08-06,2024-08-08,52116.827999999994,56039.6,21.11285696666337,560.3960000000001,20.535721495205532,PROFIT_LOCK,90.12191990921761,55.845825574140186
BTC,2024-08-07,2024-08-08,51268.668,55127.6,20.784855100788356,551.2760000000001,20.166405539071036,PROFIT_LOCK,90.1590965752059,55.845825574140186
BTC,2024-08-08,2024-08-15,57373.280999999995,61691.7,43.03002558875033,616.9170000000001,43.03002558875033,EXPIRED,100.0,54.12365988738227
BTC,2024-08-09,2024-08-16,56573.202,60831.4,42.755431500724264,608.3140000000001,42.755431500724264,EXPIRED,100.0,54.574665924086354
BTC,2024-08-10,2024-08-16,56658.297,60922.9,42.697104216214576,609.2290000000002,35.853862695362025,PROFIT_LOCK,99.8346311099112,54.574665924086354
BTC,2024-08-15,2024-08-19,53512.293,57540.1,36.78451315355215,575.4010000000001,35.2867565765252,PROFIT_LOCK,92.07432174154127,53.57651681444244
BTC,2024-08-16,2024-08-20,54753.657,58874.9,38.52596791591114,588.7490000000001,31.377033975253795,PROFIT_LOCK,93.31159750356086,53.2590790685624
BTC,2024-08-17,2024-08-21,55331.187,59495.9,39.203910923419244,594.9590000000002,36.91063067364744,PROFIT_LOCK,93.68413081089547,54.50208945894759
BTC,2024-08-19,2024-08-23,55272.039,59432.3,36.91587643874591,594.3230000000001,36.71558756164156,PROFIT_LOCK,90.57330666100579,57.065484481113074
BTC,2024-08-20,2024-08-23,54881.253,59012.1,36.038451132986665,590.1210000000001,35.492733900555635,PROFIT_LOCK,89.70245794288716,57.065484481113074
BTC,2024-08-21,2024-08-23,56867.64,61148.0,39.86449936824138,611.4800000000001,33.79640221711957,PROFIT_LOCK,93.1124935140323,57.065484481113074
BTC,2024-08-23,2024-08-27,59558.037,64040.9,47.37136978207564,640.4090000000001,-85.83009074402798,STOP_2X,100.0,58.507476820558445
BTC,2024-08-24,2024-08-27,59660.708999999995,64151.3,47.37960875727058,641.5130000000001,-110.74797556266404,STOP_2X,99.91019590755847,58.507476820558445
BTC,2024-08-25,2024-08-27,59725.157999999996,64220.6,45.57788835046977,642.2060000000001,-133.1626626197414,STOP_2X,97.63169273716476,58.507476820558445
BTC,2024-08-27,2024-09-02,55254.926999999996,59413.9,46.97192708088642,594.1390000000001,46.338009917679166,PROFIT_LOCK,100.0,56.55924831318071
BTC,2024-08-28,2024-09-02,54898.179,59030.3,46.206555879452935,590.3030000000001,42.58628900548838,PROFIT_LOCK,99.42036956472218,56.55924831318071
BTC,2024-08-29,2024-09-04,55197.35999999999,59352.0,46.5546284391061,593.5200000000001,44.549468953116076,PROFIT_LOCK,99.54060013444148,51.23700937722423
BTC,2024-09-02,2024-09-06,54995.17799999999,59134.6,42.70065451967385,591.3460000000001,-120.0435277827426,STOP_2X,94.86583055382316,52.19066654538248
BTC,2024-09-03,2024-09-06,53461.979999999996,57486.0,39.92434812231241,574.8600000000001,-53.89977299997244,STOP_2X,92.75530252942194,52.19066654538248
BTC,2024-09-04,2024-09-06,53916.378,57974.6,31.63078708573394,579.7460000000001,-97.60783336430524,STOP_2X,80.84012647097943,52.19066654538248
BTC,2024-09-06,2024-09-08,50183.079,53960.3,31.08025582506307,539.6030000000002,28.455082158619486,PROFIT_LOCK,83.3533006065308,39.92102998779937
BTC,2024-09-07,2024-09-09,50365.079999999994,54156.0,12.543560739830447,541.5600000000001,12.09212994101572,PROFIT_LOCK,50.48026305556997,41.740879870140965
BTC,2024-09-08,2024-09-09,51031.98299999999,54873.1,12.961010556894326,548.7310000000001,10.990201519530514,PROFIT_LOCK,51.01910937019254,41.740879870140965
BTC,2024-09-09,2024-09-12,53049.06,57042.0,15.899089365213513,570.4200000000001,14.676758759213874,PROFIT_LOCK,55.81496243730668,40.14581789405704
BTC,2024-09-10,2024-09-13,53598.225,57632.5,14.438003158032643,576.3250000000002,14.273436698352844,PROFIT_LOCK,52.67377950735328,40.78410000419606
BTC,2024-09-11,2024-09-13,53322.386999999995,57335.9,14.196624051681376,573.3590000000002,13.851476157742713,PROFIT_LOCK,52.34055431986153,40.78410000419606
BTC,2024-09-12,2024-09-13,54058.947,58127.9,14.025235402347608,581.2790000000001,12.346648499248545,PROFIT_LOCK,51.611493269621036,40.78410000419606
BTC,2024-09-13,2024-09-17,56259.327,60493.9,15.485146954525135,604.9390000000001,12.81121136243478,PROFIT_LOCK,53.29355905169291,41.2269968264159
BTC,2024-09-14,2024-09-18,55788.84,59988.0,14.849433581724771,599.8800000000001,14.61547505406716,PROFIT_LOCK,52.33317205414728,41.495235636505825
BTC,2024-09-15,2024-09-18,54992.759999999995,59132.0,14.255550826558375,591.3200000000002,13.958960858366831,PROFIT_LOCK,51.58803552092252,41.495235636505825
BTC,2024-09-17,2024-09-19,56086.16099999999,60307.7,16.06613635208014,603.0770000000001,15.186170526051114,PROFIT_LOCK,54.460725697617065,41.73324661586844
BTC,2024-09-18,2024-09-20,57430.755,61753.5,16.846658740941894,617.5350000000001,14.548457594389447,PROFIT_LOCK,55.16761582771591,40.52349256932826
BTC,2024-09-19,2024-09-22,58543.871999999996,62950.4,17.53427920641361,629.5040000000001,16.252541801411088,PROFIT_LOCK,55.79484651111398,36.496591211082404
BTC,2024-09-20,2024-09-23,58781.115,63205.5,15.797033185090914,632.0550000000002,13.542030164717245,PROFIT_LOCK,52.38625162045244,36.506274983276214
BTC,2024-09-21,2024-09-24,58909.454999999994,63343.5,15.527175148330208,633.4350000000002,14.56017895426959,PROFIT_LOCK,47.24049896132056,36.767918625151935
BTC,2024-09-22,2024-09-26,59125.587,63575.9,10.492607493609649,635.7590000000001,10.457286643762128,PROFIT_LOCK,34.124122376444,33.55502408353152
BTC,2024-09-23,2024-09-26,58898.202,63331.4,10.463910222136292,633.3140000000002,10.33709271544145,PROFIT_LOCK,34.15310471742256,33.55502408353152
BTC,2024-09-24,2024-09-26,59770.820999999996,64269.7,10.940956090856616,642.6970000000001,9.74432363578136,PROFIT_LOCK,34.28091729024905,33.55502408353152
BTC,2024-09-26,2024-09-29,60603.91499999999,65165.5,7.4226917108459025,651.6550000000001,6.513408276691917,PROFIT_LOCK,23.780739952503545,33.47262574588085
BTC,2024-09-27,2024-09-30,61166.844,65770.8,7.409284067252293,657.7080000000002,-13.977404498475018,STOP_2X,19.804943030384155,35.2723736448146
BTC,2024-09-28,2024-09-30,61232.13,65841.0,7.4204683364213455,658.4100000000001,-22.61661726169941,STOP_2X,19.815132434757928,35.2723736448146
BTC,2024-09-29,2024-09-30,61006.14,65598.0,7.387168057277496,655.9800000000001,-24.83857315740038,STOP_2X,19.45726688174555,35.2723736448146
BTC,2024-09-30,2024-10-01,58896.899999999994,63330.0,9.030459022859942,633.3000000000001,-31.580041375674952,STOP_2X,23.654911573931916,36.328462107662816
BTC,2024-10-01,2024-10-04,56558.88,60816.0,9.843769350959612,608.1600000000001,9.503265228179881,PROFIT_LOCK,22.764487849582576,34.59701911120537
BTC,2024-10-02,2024-10-04,56405.801999999996,60651.4,8.631364183221923,606.5140000000001,7.91759195002901,PROFIT_LOCK,19.031051749651745,34.59701911120537
BTC,2024-11-06,2024-11-09,70290.981,75581.7,15.859204665751896,755.8170000000001,14.563736039310529,PROFIT_LOCK,31.860299737580505,37.32896501923337
BTC,2024-11-07,2024-11-10,70554.82199999999,75865.4,15.830481621213677,758.6540000000001,15.78560609445334,PROFIT_LOCK,31.672112703981075,38.153005222947314
BTC,2024-11-09,2024-11-10,71316.213,76684.1,13.89700675023878,766.8410000000002,13.006455140531148,PROFIT_LOCK,27.079636842085257,38.153005222947314
BTC,2024-11-10,2024-11-11,74734.33499999999,80359.5,15.90809943558461,803.5950000000001,15.63053249146703,PROFIT_LOCK,29.91691414821699,46.17297934271135
BTC,2024-11-11,2024-11-15,82432.503,88637.1,34.97497848993117,886.3710000000002,33.56234763273111,PROFIT_LOCK,57.530725298709676,47.83357892165787
BTC,2024-11-12,2024-11-15,81781.317,87936.9,34.918821025779835,879.3690000000001,32.43473013292619,PROFIT_LOCK,57.83854390525569,47.83357892165787
BTC,2024-11-15,2024-11-19,84669.33899999999,91042.3,40.24793179430708,910.4230000000002,36.74109209091348,PROFIT_LOCK,63.248385042350584,48.156751776334175
BTC,2024-11-16,2024-11-19,84233.07599999999,90573.2,40.19402519852429,905.7320000000002,34.04633256657498,PROFIT_LOCK,63.447898980679696,48.156751776334175
BTC,2024-11-19,2024-11-21,85831.653,92292.1,41.67551702208021,922.9210000000003,40.37350944525699,PROFIT_LOCK,64.36111109915981,47.87060951120151
BTC,2024-11-20,2024-11-21,87685.04999999999,94285.0,39.85163389854388,942.8500000000001,32.95247750496647,PROFIT_LOCK,60.942078686444376,47.87060951120151
BTC,2024-11-21,2024-11-25,91434.81,98317.0,43.57036310836338,983.1700000000002,-57.67794080383865,STOP_2X,63.37588616531924,50.375835090471746
BTC,2024-11-22,2024-11-25,91969.002,98891.4,42.429180720145816,988.9140000000001,-104.9427241251542,STOP_2X,61.70418322009677,50.375835090471746
BTC,2024-11-25,2024-11-28,86489.06999999999,92999.0,48.23486608530766,929.9900000000002,42.81415800638615,PROFIT_LOCK,72.43648453515901,50.734064441793
BTC,2024-11-26,2024-11-28,85521.219,91958.3,48.82913454194459,919.5830000000002,42.63781163688395,PROFIT_LOCK,73.80881893003804,50.734064441793
BTC,2024-11-28,2024-12-01,88947.33899999999,95642.3,50.671899702606794,956.4230000000002,42.27647886294572,PROFIT_LOCK,74.88215769277163,49.261214285715596
BTC,2024-11-29,2024-12-04,90635.93999999999,97458.0,51.27919484642353,974.5800000000002,50.09677596763973,PROFIT_LOCK,78.07041553650286,49.12267008659143
BTC,2024-12-01,2024-12-04,90382.70099999999,97185.7,47.089370136863366,971.8570000000002,38.12130330845849,PROFIT_LOCK,75.29054125642413,49.12267008659143
BTC,2024-12-05,2024-12-06,90142.389,96927.3,48.4737596198087,969.2730000000003,39.82714052184738,PROFIT_LOCK,92.8777479498507,44.84680261428486
BTC,2024-12-04,2024-12-07,91715.019,98618.3,47.371008155164056,986.1830000000002,41.03461203228521,PROFIT_LOCK,86.50037653106692,44.882556065139966
BTC,2024-12-06,2024-12-11,92748.34199999999,99729.4,35.722598552603635,997.2940000000001,35.627959113487,PROFIT_LOCK,70.34803156078854,38.48214957713954
BTC,2024-12-07,2024-12-11,92844.318,99832.6,35.855655153739825,998.3260000000002,35.05265112857533,PROFIT_LOCK,70.51153925802521,38.48214957713954
BTC,2024-12-11,2024-12-14,94032.67199999999,101110.4,20.711712073702074,1011.1040000000002,17.451333255709507,PROFIT_LOCK,41.24119748115066,36.34144219715112
BTC,2024-12-12,2024-12-14,93002.69699999999,100002.9,20.687652754867486,1000.0290000000001,17.511035653143857,PROFIT_LOCK,41.680289043359565,36.34144219715112
BTC,2024-12-14,2024-12-15,94319.484,101418.8,16.440582003512464,1014.1880000000002,14.52794992337506,PROFIT_LOCK,31.451313545807924,35.437691429816894
BTC,2024-12-15,2024-12-17,97156.26299999999,104469.1,15.203308058050334,1044.6910000000003,12.820058653083311,PROFIT_LOCK,27.318280137604866,35.24583755742316
BTC,2024-12-16,2024-12-18,98636.079,106060.3,15.439740674819133,1060.6030000000003,-101.06105411925955,STOP_2X,27.33003612894468,39.715401126819074
BTC,2024-12-17,2024-12-18,98719.40699999999,106149.9,15.086587582165158,1061.4990000000003,-121.36730194333032,STOP_2X,26.44089392366521,39.715401126819074
BTC,2024-12-18,2024-12-19,93188.69699999999,100202.9,23.20631504387111,1002.0290000000001,-29.63243215270577,STOP_2X,46.88110401265872,40.39044489198448
BTC,2024-12-19,2024-12-24,90634.638,97456.6,24.058999449225666,974.5660000000003,23.883261558497118,PROFIT_LOCK,49.96821445756307,40.114649288308605
BTC,2024-12-20,2024-12-24,90953.90699999999,97799.9,23.205671828054438,977.9990000000001,21.690035452682856,PROFIT_LOCK,48.04021430678622,40.114649288308605
BTC,2024-12-25,2024-12-26,92474.364,99434.8,17.486275040289822,994.3480000000002,-47.92204418824849,STOP_2X,34.72394812245598,38.62434753994707
BTC,2024-12-24,2024-12-27,91755.381,98661.7,23.735506213991723,986.6170000000002,-27.476590390139794,STOP_2X,48.70694588106141,36.98504463739917
BTC,2024-12-26,2024-12-31,89080.794,95785.8,19.90901487892843,957.8580000000002,16.33221655798443,PROFIT_LOCK,41.891497267446255,36.95990608060888
BTC,2024-12-27,2024-12-31,87686.073,94286.1,16.44805312927565,942.8610000000002,13.423343101872751,PROFIT_LOCK,34.39463650971805,36.95990608060888
BTC,2024-12-31,2025-01-02,87024.099,93574.3,16.277994864614723,935.7430000000002,15.358783733812835,PROFIT_LOCK,34.27967285070535,37.644526096488605
BTC,2025-01-01,2025-01-03,87963.213,94584.1,16.364960336789682,945.8410000000002,15.665778928086525,PROFIT_LOCK,34.059382383597445,36.87402189925961
BTC,2025-01-02,2025-01-04,90194.934,96983.8,18.18934545166985,969.8380000000002,14.71365935051126,PROFIT_LOCK,37.41057740960459,36.51395804275387
BTC,2025-01-03,2025-01-06,91301.72699999998,98173.9,16.914156299346086,981.7390000000001,16.706047593983172,PROFIT_LOCK,33.886907274638695,37.291460149892565
BTC,2025-01-04,2025-01-06,91340.32199999999,98215.4,16.241955587580833,982.1540000000001,15.582753238530922,PROFIT_LOCK,32.240263087088806,37.291460149892565
BTC,2025-01-06,2025-01-07,95068.599,102224.3,18.44935399778333,1022.2430000000003,-98.66232745891902,STOP_2X,35.7959360667435,40.202052071040924
BTC,2025-01-07,2025-01-09,90172.056,96959.2,23.518565100513843,969.5920000000002,-52.94638816367606,STOP_2X,49.10665632564352,39.72440983394861
BTC,2025-01-08,2025-01-09,88402.824,95056.8,20.601748769270856,950.5680000000002,-25.671944487150178,STOP_2X,43.78722926306547,39.72440983394861
BTC,2025-01-09,2025-01-10,86070.105,92548.5,21.452205143581523,925.4850000000001,17.438144222529992,PROFIT_LOCK,46.92230263608111,37.88569319092313
BTC,2025-01-10,2025-01-14,88090.90199999999,94721.4,18.22961167871645,947.2140000000002,17.943931874142084,PROFIT_LOCK,38.51348287235429,36.95437830182194
BTC,2025-01-11,2025-01-14,87984.045,94606.5,18.02923166247938,946.0650000000002,17.07569522698035,PROFIT_LOCK,37.58421935981261,36.95437830182194
BTC,2025-01-14,2025-01-15,89805.72899999999,96565.3,16.787899326839398,965.6530000000002,14.905687418722756,PROFIT_LOCK,33.715813462869534,38.64693809320784
BTC,2025-01-15,2025-01-17,93460.908,100495.6,20.93613760404078,1004.9560000000002,20.088409720077347,PROFIT_LOCK,41.51963715647351,36.75361550246035
BTC,2025-01-16,2025-01-17,92987.25899999999,99986.3,20.836343783876146,999.8630000000002,19.54020483233729,PROFIT_LOCK,41.533331404766244,36.75361550246035
BTC,2025-01-18,2025-01-19,97232.058,104550.6,15.732294840864506,1045.5060000000003,-34.50907714735213,STOP_2X,27.014059513828197,37.02372166623456
BTC,2025-01-17,2025-01-21,96790.959,104076.3,17.6887318921943,1040.7630000000001,17.31523076008214,PROFIT_LOCK,32.591986178023944,37.737703405106615
BTC,2025-01-19,2025-01-21,94224.903,101317.1,17.751171418304605,1013.1710000000003,17.276767153821897,PROFIT_LOCK,33.14161389767249,37.737703405106615
BTC,2025-01-21,2025-01-22,98710.38599999998,106140.2,20.10700628195573,1061.4020000000003,-21.4865768569538,STOP_2X,36.47815409193929,38.491713686774816
BTC,2025-01-22,2025-01-25,96444.71999999999,103704.0,21.263897496881146,1037.0400000000002,19.690183636575604,PROFIT_LOCK,40.0017534708965,35.07016095641121
BTC,2025-01-23,2025-01-28,96633.51,103907.0,18.039705694590065,1039.0700000000002,14.69735867228278,PROFIT_LOCK,32.760886067045746,34.97627094118755
BTC,2025-01-28,2025-01-29,94243.224,101336.8,13.924831672315577,1013.3680000000003,11.20903593020796,PROFIT_LOCK,23.573579775830364,35.26535787213102
BTC,2025-01-25,2025-01-30,97408.293,104740.1,14.563493505400675,1047.4010000000003,14.342525280187306,PROFIT_LOCK,24.012341431175987,35.27911087241041
BTC,2025-01-30,2025-01-31,97388.85599999999,104719.2,14.94476425449666,1047.1920000000002,-16.978301228742204,STOP_2X,24.583554692645517,35.98714000625094
BTC,2025-01-29,2025-02-02,96474.573,103736.1,14.77926026465866,1037.3610000000003,-62.31223075478266,STOP_2X,24.51893771762058,36.73829161846651
BTC,2025-01-31,2025-02-02,95265.75899999999,102436.3,15.92897748344276,1024.3630000000003,-55.71454153158721,STOP_2X,27.91015252067358,36.73829161846651
BTC,2025-02-02,2025-02-03,90855.32699999999,97693.9,16.57514181864417,976.9390000000001,14.453377431029093,PROFIT_LOCK,28.85225343039639,38.26563159998895
BTC,2025-02-03,2025-02-04,94256.43,101351.0,20.30098123917942,1013.5100000000002,-47.31426405215079,STOP_2X,20.11301756140987,39.73638903784763
BTC,2025-02-04,2025-02-08,90930.28499999999,97774.5,22.68969975761047,977.7450000000002,19.883818198048267,PROFIT_LOCK,29.106063093548286,33.44173911253972
BTC,2025-02-05,2025-02-08,89853.438,96616.6,19.062380283346194,966.1660000000003,16.460277697260132,PROFIT_LOCK,19.228878683044435,33.44173911253972
BTC,2025-02-25,2025-02-26,82472.21399999999,88679.8,5.605373616422458,886.7980000000002,-62.86949407775856,STOP_2X,16.480053897556378,32.718508793170116
BTC,2025-02-26,2025-03-01,78345.618,84242.6,8.520777131754585,842.4260000000003,8.290463458084883,PROFIT_LOCK,28.196654740265952,32.33963549087437
BTC,2025-02-27,2025-03-01,78783.648,84713.6,8.797119333651517,847.1360000000002,7.765888555632194,PROFIT_LOCK,29.938513433600665,32.33963549087437
BTC,2025-03-01,2025-03-02,80037.288,86061.6,8.230300571248973,860.6160000000002,8.045837044702449,PROFIT_LOCK,27.61179067329903,42.608530565670385
BTC,2025-03-02,2025-03-03,87666.543,94265.1,28.286925832166162,942.6510000000003,-271.10884530411425,STOP_2X,70.25046052905614,49.307459672840345
BTC,2025-03-03,2025-03-05,80180.136,86215.2,41.89446481654632,862.1520000000002,38.98746132165375,PROFIT_LOCK,98.06586077487232,49.04553778653679
BTC,2025-03-04,2025-03-06,81169.935,87279.5,41.58709263286783,872.7950000000002,35.00684453784293,PROFIT_LOCK,96.76533691222217,48.10921777725798
BTC,2025-03-05,2025-03-07,84268.13699999999,90610.9,43.314196959304724,906.1090000000002,-51.31217443385158,STOP_2X,98.89099404851862,48.96473091323791
BTC,2025-03-06,2025-03-07,83619.183,89913.1,40.475432187385195,899.1310000000002,-50.65779615058764,STOP_2X,94.92651258637052,48.96473091323791
BTC,2025-03-07,2025-03-09,80718.32699999999,86793.9,41.278747698556074,867.9390000000001,-154.61427877452974,STOP_2X,98.54884889725317,52.14093180147328
BTC,2025-03-08,2025-03-09,80187.204,86222.8,41.00556537794273,862.2280000000002,-147.4640896642186,STOP_2X,98.54628172989918,52.14093180147328
BTC,2025-03-09,2025-03-12,75079.36499999999,80730.5,46.3703818036156,807.3050000000002,40.93885620684855,PROFIT_LOCK,100.0,55.274032334016844
BTC,2025-03-12,2025-03-17,77817.564,83674.8,56.73062633832288,836.7480000000002,52.135328448689286,PROFIT_LOCK,99.91823026652418,56.78728581501233
BTC,2025-03-17,2025-03-22,78129.114,84009.8,61.327966344630845,840.0980000000002,53.48469254934444,PROFIT_LOCK,100.0,58.92421522900405
BTC,2025-03-22,2025-03-24,77976.594,83845.8,67.5365268590158,838.4580000000002,55.646238371625394,PROFIT_LOCK,98.50779595577322,59.64946664673637
BTC,2025-03-24,2025-03-31,81373.04699999999,87497.9,72.76393829699118,874.9790000000002,72.76393829699118,EXPIRED,100.0,56.061864491383226
BTC,2025-03-31,2025-04-01,76766.664,82544.8,58.18741520951262,825.4480000000002,46.82765325739766,PROFIT_LOCK,89.42632976183567,49.816898552121174
BTC,2025-04-02,2025-04-05,76737.46199999998,82513.4,26.812416052699156,825.1340000000001,23.193719651778792,PROFIT_LOCK,52.69453229337455,41.98713090924837
BTC,2025-04-01,2025-04-06,79191.453,85152.1,42.698637920069274,851.5210000000002,-104.13485941909767,STOP_2X,71.03892870538859,44.56328347126763
BTC,2025-04-05,2025-04-06,77676.018,83522.6,23.780311468709442,835.2260000000002,-119.38344654443844,STOP_2X,47.9853077203385,44.56328347126763
BTC,2025-04-07,2025-04-08,73627.449,79169.3,28.060201103921283,791.6930000000002,-32.55134460010413,STOP_2X,55.99259896791071,41.84896469910606
BTC,2025-04-06,2025-04-09,72930.228,78419.6,27.493895763592448,784.1960000000003,26.761778694730257,PROFIT_LOCK,55.5704171991004,47.28363354800213
BTC,2025-04-08,2025-04-09,70973.043,76315.1,21.471163952429016,763.1510000000002,20.550283095730748,PROFIT_LOCK,47.57849725202773,47.28363354800213
BTC,2025-04-09,2025-04-10,76821.069,82603.3,35.19899966155099,826.0330000000002,-41.825645520047324,STOP_2X,63.5800954521678,45.89392607771398
BTC,2025-04-10,2025-04-11,74030.69699999999,79602.9,30.791411319690635,796.0290000000001,26.031907100388025,PROFIT_LOCK,59.48830234138771,47.90025526202901
BTC,2025-04-11,2025-04-14,77576.694,83415.8,37.039072263520396,834.1580000000002,30.942271013990197,PROFIT_LOCK,65.39564911029807,46.71675600551781
BTC,2025-04-14,2025-04-18,78669.444,84590.8,34.67444109714216,845.9080000000002,29.964402976759587,PROFIT_LOCK,61.91100632903576,43.7579491428011
BTC,2025-04-18,2025-04-21,78552.915,84465.5,27.82207995616027,844.6550000000002,26.699924164161214,PROFIT_LOCK,53.199226479077296,43.54666959688551
BTC,2025-04-21,2025-04-22,81392.205,87518.5,28.34866380433796,875.1850000000002,26.425335897829804,PROFIT_LOCK,52.57714434387303,46.846093070010895
BTC,2025-04-22,2025-04-25,86902.548,93443.6,38.64693077903958,934.4360000000003,31.448235488876392,PROFIT_LOCK,62.29182065203253,46.61191932004372
BTC,2025-04-25,2025-04-29,88013.526,94638.2,38.511718618600575,946.3820000000002,31.278446236522182,PROFIT_LOCK,61.60232983664348,45.118758174430795
BTC,2025-04-29,2025-05-01,87658.359,94256.3,34.454709895636555,942.5630000000002,28.050748338199405,PROFIT_LOCK,57.20593230728671,44.826652019240996
BTC,2025-05-01,2025-05-06,89731.42199999999,96485.4,34.508316704179926,964.8540000000002,34.11493431741531,PROFIT_LOCK,56.34586788439471,39.49453692396461
BTC,2025-05-06,2025-05-08,90052.179,96830.3,21.95060726677257,968.3030000000002,21.69511384960717,PROFIT_LOCK,40.64622441322983,40.45278084558676
BTC,2025-05-08,2025-05-10,96031.056,103259.2,25.63942285916619,1032.592,24.29323445507159,PROFIT_LOCK,43.46763536536886,32.34388683650757
BTC,2025-05-10,2025-05-14,97474.044,104810.8,10.029723469285182,1048.1080000000002,8.645515687622014,PROFIT_LOCK,19.592167073098395,30.239193256521247
BTC,2025-05-19,2025-05-21,98188.377,105578.9,8.193661832653289,1055.7890000000002,8.073420205108818,PROFIT_LOCK,15.663929277282554,30.928903207892027
BTC,2025-05-21,2025-05-22,101974.03499999999,109649.5,8.396779913006048,1096.4950000000001,8.07596867513938,PROFIT_LOCK,15.425951961485588,25.854077627014266
BTC,2025-06-06,2025-06-07,97000.488,104301.6,8.194757424023738,1043.0160000000003,7.668525531511461,PROFIT_LOCK,15.475667022238863,25.594623264667714
BTC,2025-07-02,2025-07-05,101215.434,108833.8,4.7632085894850205,1088.3380000000002,3.9714465050958436,PROFIT_LOCK,15.970555641202896,26.56227803688374
BTC,2025-08-20,2025-08-22,106258.91699999999,114256.9,2.1815632583739673,1142.5690000000002,2.0825954261165283,PROFIT_LOCK,51.36040409243379,26.517025554315005
BTC,2025-08-22,2025-08-24,108737.088,116921.6,3.745660285099075,1169.2160000000003,-10.982166275067904,STOP_2X,66.16497150160123,27.1249482005033
BTC,2025-08-24,2025-08-25,105521.148,113463.6,4.179728360194168,1134.6360000000002,-19.087268341532763,STOP_2X,70.66816468283764,28.345603809531188
BTC,2025-08-25,2025-08-27,102404.904,110112.8,5.257973019242309,1101.1280000000002,4.5503423298649075,PROFIT_LOCK,79.71018351480231,28.333103120036952
BTC,2025-08-27,2025-08-29,103471.14899999999,111259.3,5.299314855315879,1112.5930000000003,-12.106384659365448,STOP_2X,79.61758453030296,30.503356181790785
BTC,2025-08-29,2025-09-01,100780.37999999999,108366.0,7.725347069668351,1083.6600000000003,7.220745705977817,PROFIT_LOCK,95.69375614609146,29.7930942220124
BTC,2025-09-01,2025-09-02,101590.78199999999,109237.4,6.875073318849809,1092.3740000000003,5.618705623775032,PROFIT_LOCK,90.43248345914674,29.966127119064883
BTC,2025-09-02,2025-09-06,103442.133,111228.1,7.220598120712203,1112.2810000000002,6.450032669979009,PROFIT_LOCK,91.7142264029603,29.03835477529017
BTC,2025-09-06,2025-09-08,102468.51599999999,110181.2,6.028267113411676,1101.8120000000001,5.508321287378658,PROFIT_LOCK,88.65964379747314,29.310463536697327
BTC,2025-09-08,2025-09-10,104224.54199999999,112069.4,6.455243366767809,1120.6940000000002,5.941609049622025,PROFIT_LOCK,90.76599691528787,29.12994808006102
BTC,2025-09-10,2025-09-12,105978.05699999999,113954.9,6.344411031860819,1139.5490000000002,6.023934457588417,PROFIT_LOCK,89.36865383477345,28.075294553839992
BTC,2025-09-12,2025-09-15,107904.18,116026.0,5.242757539970762,1160.2600000000002,4.665654184299945,PROFIT_LOCK,81.20473903952002,25.417745174300897
BTC,2025-09-15,2025-09-17,107281.359,115356.3,2.8135658054435226,1153.5630000000003,2.505284972499993,PROFIT_LOCK,60.6330478069731,25.536655307790557
BTC,2025-09-17,2025-09-20,108293.199,116444.3,2.929050576256941,1164.4430000000002,2.6036973258172393,PROFIT_LOCK,61.55351331907376,23.618046401711798
BTC,2025-10-07,2025-10-08,112849.362,121343.4,2.237181484977782,1213.4340000000002,1.9574765284863929,PROFIT_LOCK,52.72413055379869,24.644900467133073
BTC,2025-10-08,2025-10-10,114673.46399999999,123304.8,2.439943308034731,1233.0480000000002,-284.76869556605885,STOP_2X,54.65057282119431,33.249198617476175
BTC,2025-10-10,2025-10-12,104884.377,112778.9,12.309487343280672,1127.7890000000002,10.208126423033288,PROFIT_LOCK,100.0,35.308226443114826
BTC,2025-10-12,2025-10-15,106909.26599999999,114956.2,16.464920638615787,1149.5620000000001,-22.444369291752174,STOP_2X,100.0,36.14193092790187
BTC,2025-10-15,2025-10-16,102997.593,110750.1,17.53949909672274,1107.5010000000002,-19.435936604271323,STOP_2X,100.0,36.442185875870805
BTC,2025-10-16,2025-10-20,100626.83699999998,108200.9,17.74587522268039,1082.0090000000002,17.452989761536152,PROFIT_LOCK,100.0,37.30215315857745
BTC,2025-10-20,2025-10-24,102798.38699999999,110535.9,19.97288494254572,1105.3590000000002,18.386037191649056,PROFIT_LOCK,100.0,37.77341820241571
BTC,2025-10-24,2025-10-26,103230.37199999999,111000.4,21.108299289542995,1110.0040000000001,19.911174990681765,PROFIT_LOCK,99.62074784336423,36.73893940630228
BTC,2025-10-26,2025-10-29,106532.80199999998,114551.4,19.43668243012817,1145.5140000000001,-26.89003110347858,STOP_2X,94.51609184293855,36.64973469208703
BTC,2025-10-29,2025-11-01,102328.82999999999,110031.0,18.481116812894836,1100.3100000000002,15.333106219370578,PROFIT_LOCK,94.07590942315777,34.696087325163596
BTC,2025-11-01,2025-11-03,102390.11699999998,110096.9,14.598574769387689,1100.969,-24.538176690218556,STOP_2X,84.43559800087512,35.67446023748263
BTC,2025-11-03,2025-11-04,99120.144,106580.8,15.964300694233863,1065.8080000000002,-81.43584627728941,STOP_2X,89.26339841233532,37.654751668459326
BTC,2025-11-04,2025-11-07,94384.305,101488.5,19.05518482206626,1014.8850000000002,17.37636285244746,PROFIT_LOCK,99.03518549362249,38.47615581096395
BTC,2025-11-07,2025-11-09,96108.33899999999,103342.3,21.15584922223043,1033.4230000000002,19.345264154655048,PROFIT_LOCK,100.0,33.11267253593076
BTC,2025-11-09,2025-11-13,97399.55099999999,104730.7,11.212218713750827,1047.3070000000002,-22.318485580293874,STOP_2X,73.17106800235769,31.754617172322835
BTC,2025-11-13,2025-11-14,92717.37299999999,99696.1,8.718246678480865,996.9610000000002,-79.0683168214171,STOP_2X,65.03159664834854,34.43326250576203
BTC,2025-11-14,2025-11-20,87972.978,94594.6,12.123405225729767,945.9460000000003,-141.5291020853818,STOP_2X,78.96708902463835,36.35187628510294
BTC,2025-11-20,2025-11-24,80569.62,86634.0,14.060907858726388,866.3400000000001,13.806822407199117,PROFIT_LOCK,88.94856263044849,36.778508640339744
BTC,2025-11-24,2025-11-26,82121.23199999999,88302.4,15.05020733860929,883.0240000000001,13.226677987139125,PROFIT_LOCK,91.16809197972881,37.620508988929494
BTC,2025-11-26,2025-11-30,84163.14,90498.0,16.929027287428017,904.9800000000001,15.115887102712987,PROFIT_LOCK,95.54854850830573,37.0630572540806
BTC,2025-11-30,2025-12-01,84039.45,90365.0,15.901922973147975,903.6500000000002,-63.253815704733555,STOP_2X,92.64843914923567,38.637281921593406
BTC,2025-12-01,2025-12-02,80249.60699999999,86289.9,17.95898614561902,862.8990000000001,16.461447955109577,PROFIT_LOCK,100.0,42.79573616554784
BTC,2025-12-02,2025-12-07,84888.35399999999,91277.8,27.81907843484696,912.7780000000002,26.286117604942433,PROFIT_LOCK,100.0,39.844898544287815
BTC,2025-12-07,2025-12-09,84067.629,90395.3,21.196742321524926,903.9530000000002,18.505126461003442,PROFIT_LOCK,87.46528878408846,39.811238153540096
BTC,2025-12-09,2025-12-15,86202.723,92691.1,21.66515886150992,926.9110000000003,-34.04861576907169,STOP_2X,87.3223045431402,36.8732231491463
BTC,2025-12-15,2025-12-19,80379.9,86430.0,14.889487255201495,864.3000000000002,14.562886771997366,PROFIT_LOCK,74.84206186127892,37.934954939813295
BTC,2025-12-19,2025-12-21,81973.269,88143.3,17.052582329151118,881.4330000000002,13.981838921225561,PROFIT_LOCK,79.35213767462736,33.88066217035883
BTC,2025-12-21,2025-12-26,82444.5,88650.0,10.557256177347519,886.5000000000002,10.183281591441517,PROFIT_LOCK,62.13011614293432,31.15621194090731
BTC,2025-12-26,2025-12-30,81252.89099999999,87368.7,6.94501068239365,873.6870000000001,6.851706163475322,PROFIT_LOCK,49.565719161982614,31.432089267043345
BTC,2025-12-30,2026-01-01,82302.396,88497.2,7.354751336791333,884.9720000000001,7.161551991674628,PROFIT_LOCK,43.33889453323444,23.49131018531664
BTC,2026-01-20,2026-01-22,82237.85399999999,88427.8,2.130949336762819,884.2780000000002,1.9846113352997263,PROFIT_LOCK,20.639403142702314,25.295248028595807
BTC,2026-01-22,2026-01-25,83293.683,89563.1,2.1153940184400883,895.6310000000002,-6.2070368896415165,STOP_2X,20.291402199847138,26.718631058831328
BTC,2026-01-25,2026-01-26,80603.472,86670.4,2.9105778178075528,866.7040000000001,2.512053273454552,PROFIT_LOCK,26.774413678426722,27.25611338341945
BTC,2026-01-26,2026-01-28,82162.803,88347.1,3.350863745852894,883.4710000000002,2.9555035382251393,PROFIT_LOCK,29.222457532976453,27.288698059207327
BTC,2026-01-28,2026-01-29,83038.21199999998,89288.4,3.4110316556427733,892.8840000000001,-64.40943562312782,STOP_2X,29.37086932563612,31.129881219561423
BTC,2026-01-29,2026-01-31,78732.77699999999,84658.9,6.70078161865531,846.589,-126.09063351051738,STOP_2X,46.86611409877475,36.189992778924065
BTC,2026-01-31,2026-02-01,73226.06099999999,78737.7,12.54024395941251,787.3770000000002,-12.600751107337967,STOP_2X,69.9131510701325,36.20941687051105
BTC,2026-02-01,2026-02-04,71583.588,76971.6,12.286891927517264,769.7160000000002,-39.29086352667555,STOP_2X,70.00162100833218,37.58345217346669
BTC,2026-02-04,2026-02-05,68044.194,73165.8,13.632094498459356,731.6580000000001,-532.1154371515604,STOP_2X,76.2598708622461,55.797982814166446
BTC,2026-02-05,2026-02-06,58506.206999999995,62909.9,43.776587821342765,629.0990000000002,40.99011351601073,PROFIT_LOCK,100.0,66.88809268629443
BTC,2026-02-11,2026-02-14,62380.958999999995,67076.3,75.07279929864363,670.7630000000001,64.64618171128464,PROFIT_LOCK,99.94880695604418,66.79544765621625
BTC,2026-02-14,2026-02-20,64935.38999999999,69823.0,76.88636872229581,698.2300000000001,67.18015601994921,PROFIT_LOCK,98.95721233386217,66.32284391312324
BTC,2026-02-20,2026-02-25,63258.6,68020.0,73.64603845095245,680.2000000000002,61.4401261924626,PROFIT_LOCK,97.93953747253732,69.3187781940171
BTC,2026-02-25,2026-03-02,63227.81699999999,67986.9,81.65175368863294,679.869,75.49240094768912,PROFIT_LOCK,100.0,67.68362426471481
BTC,2026-03-02,2026-03-04,64004.46,68822.0,78.18521775089194,688.2200000000001,63.873853426185,PROFIT_LOCK,96.62706214344333,69.69886217470308
BTC,2026-03-04,2026-03-06,67582.356,72669.2,88.38142397695174,726.6920000000001,-105.66736786475212,STOP_2X,100.0,69.41601191570595
BTC,2026-03-06,2026-03-09,63351.04199999999,68119.4,82.07586651394395,681.1940000000001,76.97570502024045,PROFIT_LOCK,99.42108529061801,42.82240693721132
BTC,2026-03-09,2026-03-11,63647.898,68438.6,20.90424246465409,684.3860000000002,17.551413177388167,PROFIT_LOCK,44.99147595552226,43.09401339467298
BTC,2026-03-11,2026-03-14,65278.46699999999,70191.9,21.92223358082065,701.9190000000001,19.302316219073056,PROFIT_LOCK,45.54737777419191,41.79397905553739
BTC,2026-03-14,2026-03-16,66223.719,71208.3,19.93926404297163,712.0830000000002,19.327510131057814,PROFIT_LOCK,42.886574123894,41.40932300098445
BTC,2026-03-16,2026-03-18,69641.934,74883.8,20.274575918301707,748.8380000000002,-54.52965309963038,STOP_2X,42.09929166276748,42.87208827551316
BTC,2026-03-18,2026-03-23,66266.59199999999,71254.4,21.853555292837427,712.5440000000001,20.071058833234133,PROFIT_LOCK,45.09315964365708,44.9820224583491
BTC,2026-03-23,2026-03-27,65939.79,70903.0,25.655613350567002,709.0300000000001,-53.19169838900853,STOP_2X,49.41159986217558,42.02999700199163
BTC,2026-03-27,2026-03-31,61760.74199999999,66409.4,18.977522813058386,664.094,18.697131013106056,PROFIT_LOCK,43.36963629737384,41.39535963745107
BTC,2026-03-31,2026-04-04,63502.63199999999,68282.4,18.464472688283788,682.8240000000001,16.035851358028165,PROFIT_LOCK,42.07071259562933,34.2834909919542
BTC,2026-04-04,2026-04-05,62591.23199999999,67302.4,8.45780396624441,673.0240000000001,7.428861465063404,PROFIT_LOCK,27.453987965126597,33.17355466241478
BTC,2026-04-05,2026-04-07,64187.019,69018.3,7.453060881797637,690.1830000000001,7.2488990285104995,PROFIT_LOCK,25.18035785391848,34.63367688297031
BTC,2026-04-07,2026-04-10,66889.78499999999,71924.5,9.460745073219096,719.2450000000001,8.974285977079091,PROFIT_LOCK,28.171320270723676,33.17720238325595
BTC,2026-04-10,2026-04-12,67849.91699999999,72956.9,7.882448673767431,729.5690000000001,-13.926120175221879,STOP_2X,25.187829965355007,34.48277413820675
BTC,2026-04-12,2026-04-13,65790.33899999999,70742.3,9.125148672111663,707.4230000000001,8.5714157080169,PROFIT_LOCK,27.8468329561747,37.474205500453195
BTC,2026-04-13,2026-04-16,69202.044,74410.8,13.700732334422083,744.1080000000002,12.335488534419028,PROFIT_LOCK,33.97588529602056,35.94924347814604
BTC,2026-04-16,2026-04-17,69886.15199999999,75146.4,11.632882196613991,751.464,9.982900636615863,PROFIT_LOCK,30.85143719102414,34.86436987050748
BTC,2026-04-17,2026-04-19,71677.89,77073.0,10.441719240639305,770.7300000000001,-33.05999914616105,STOP_2X,28.62867279560749,35.69618684764562
BTC,2026-04-19,2026-04-20,68635.209,73801.3,11.083448284766655,738.0130000000001,9.391783790582872,PROFIT_LOCK,23.454422957715977,35.68200781784284
BTC,2026-04-20,2026-04-22,70535.199,75844.3,11.37077461135159,758.4430000000002,10.949774220056613,PROFIT_LOCK,23.422503645258523,33.74065611709264
BTC,2026-04-22,2026-04-26,72708.33,78181.0,9.135103068519584,781.8100000000002,9.035007804990702,PROFIT_LOCK,19.052203816006735,29.55363175085489
ETH,2024-05-18,2024-05-20,2904.4179,3123.03,8.358461613022996,312.30300000000005,8.273412353663339,PROFIT_LOCK,89.03914800783205,65.25881461551896
ETH,2024-05-19,2024-05-20,2856.2531999999997,3071.24,8.438954270937188,307.12399999999997,8.323031833680984,PROFIT_LOCK,94.76191225598998,65.25881461551896
ETH,2024-05-20,2024-05-23,3404.8880999999997,3661.17,38.13016277288614,366.117,31.303564124361316,PROFIT_LOCK,100.0,65.98063153150161
ETH,2024-05-21,2024-05-26,3524.8395,3790.15,40.22993708430488,379.01500000000004,36.88232635911575,PROFIT_LOCK,100.0,65.6462606509333
ETH,2024-05-22,2024-05-26,3476.3028,3737.96,39.92941213930749,373.79600000000005,35.03205119380601,PROFIT_LOCK,100.0,65.6462606509333
ETH,2024-05-23,2024-05-27,3518.7852,3783.64,40.46236334375078,378.36400000000003,36.65762334704408,PROFIT_LOCK,100.0,65.02567589790749
ETH,2024-05-26,2024-06-01,3558.5798999999997,3826.43,40.423992864843854,382.64300000000003,39.7684966921727,PROFIT_LOCK,98.86036237475174,61.73970645883763
ETH,2024-05-27,2024-06-02,3621.5687999999996,3894.16,40.207057765197646,389.416,35.273264230289385,PROFIT_LOCK,96.74522084986313,61.24771589851026
ETH,2024-05-28,2024-06-03,3574.6781999999994,3843.74,40.02305684116618,384.374,37.49753338252515,PROFIT_LOCK,97.52021855654606,61.31732072993498
ETH,2024-06-01,2024-06-05,3548.4987,3815.59,34.65503362617062,381.559,29.4203247436229,PROFIT_LOCK,85.54563791424673,60.683400502680975
ETH,2024-06-02,2024-06-06,3516.144,3780.8,33.65039099448984,378.08000000000004,27.509154428999977,PROFIT_LOCK,83.86878449667918,60.51569904702181
ETH,2024-06-05,2024-06-07,3595.2684,3865.88,33.60503269295475,386.588,-34.72655375933061,STOP_2X,81.94542604961332,61.639993545269135
ETH,2024-06-03,2024-06-09,3503.4401999999995,3767.14,33.62564760410726,376.714,32.01701764579039,PROFIT_LOCK,84.1060189252749,59.76365224200219
ETH,2024-06-06,2024-06-11,3546.8712,3813.84,32.918407263997096,381.384,-59.36290289332396,STOP_2X,81.37384849969854,62.08061328330654
ETH,2024-06-09,2024-06-11,3446.9334,3706.38,30.975820793899743,370.63800000000003,-46.41433052255195,STOP_2X,78.81064433104787,62.08061328330654
ETH,2024-06-07,2024-06-14,3420.8097,3678.29,33.271906742001306,367.829,33.271906742001306,EXPIRED,85.20578598745023,60.811417266462875
ETH,2024-06-11,2024-06-15,3252.6005999999998,3497.42,32.20882739403828,349.742,28.807646847405522,PROFIT_LOCK,86.7075520235386,60.20057886172195
ETH,2024-06-12,2024-06-16,3311.1348,3560.36,32.91511093960253,356.03600000000006,29.459634666140403,PROFIT_LOCK,87.03262665710223,58.920807643883144
ETH,2024-06-14,2024-06-16,3237.5718,3481.26,30.425161072724677,348.12600000000003,25.38496975115251,PROFIT_LOCK,82.38174610362164,58.920807643883144
ETH,2024-06-15,2024-06-19,3318.9746999999998,3568.79,30.39263977841665,356.879,30.19829674037064,PROFIT_LOCK,80.29982309703028,31.003820040787843
ETH,2024-06-16,2024-06-19,3370.5153,3624.21,29.188037859081305,362.42100000000005,27.077605623591865,PROFIT_LOCK,75.9379736767698,31.003820040787843
ETH,2024-06-17,2024-06-19,3265.044,3510.8,29.473924940430493,351.08000000000004,29.12401763175881,PROFIT_LOCK,79.16572265405924,31.003820040787843
ETH,2024-07-04,2024-07-05,2845.5395999999996,3059.72,5.150858140291092,305.972,-6.119687923179555,STOP_2X,22.24734027597905,36.43674805563497
ETH,2024-07-06,2024-07-07,2852.4401999999995,3067.14,5.925962680690475,306.714,-20.26273654878372,STOP_2X,25.570721936395973,38.61751480288097
ETH,2024-07-05,2024-07-08,2773.3065,2982.05,4.8877467138711665,298.20500000000004,3.9240448930937433,PROFIT_LOCK,21.629605304213346,40.02674992444741
ETH,2024-07-07,2024-07-09,2725.9323,2931.11,6.088044105362599,293.11100000000005,5.808370148272083,PROFIT_LOCK,27.4144761679481,40.36973210624977
ETH,2024-07-08,2024-07-10,2807.5119,3018.83,7.2024463136582995,301.883,6.262045370216121,PROFIT_LOCK,31.15272245457941,40.65806076200765
ETH,2024-07-09,2024-07-12,2852.0402999999997,3066.71,7.556177704617085,306.671,7.173154475377931,PROFIT_LOCK,32.06254356809112,38.38329086050642
ETH,2024-07-10,2024-07-13,2883.6416999999997,3100.69,7.846168813229156,310.069,7.537920511487744,PROFIT_LOCK,32.82738650325599,38.14237205723931
ETH,2024-07-11,2024-07-13,2882.7302999999997,3099.71,6.471776632817125,309.971,5.758681473454715,PROFIT_LOCK,27.54965046683798,38.14237205723931
ETH,2024-07-12,2024-07-14,2914.6944,3134.08,6.354794242981711,313.408,5.935970735935715,PROFIT_LOCK,26.79315558813701,38.752327652322485
ETH,2024-07-13,2024-07-15,2954.0054999999998,3176.35,6.280952859272304,317.635,6.254155154220089,PROFIT_LOCK,26.15407570153025,43.548673490769104
ETH,2024-07-14,2024-07-15,3017.8779,3245.03,6.833155778511696,324.50300000000004,6.539949481409909,PROFIT_LOCK,27.77209117917117,43.548673490769104
ETH,2024-07-15,2024-07-19,3239.3295,3483.15,11.284290678867308,348.31500000000005,10.230611930815002,PROFIT_LOCK,40.49524982429675,42.81073915027883
ETH,2024-07-16,2024-07-19,3203.1245999999996,3444.22,11.000433206639059,344.422,9.724676929329249,PROFIT_LOCK,40.02331008736471,42.81073915027883
ETH,2024-07-17,2024-07-19,3149.7333,3386.81,10.223002074701185,338.68100000000004,9.215870094431459,PROFIT_LOCK,38.18884307995903,42.81073915027883
ETH,2024-07-21,2024-07-22,3287.9870999999994,3535.47,10.671526758372238,353.547,-11.434206588818256,STOP_2X,38.188238771471646,43.3934452208393
ETH,2024-07-20,2024-07-24,3270.7076999999995,3516.89,10.59339531023113,351.689,-16.18934190827872,STOP_2X,38.12184607618645,44.49867721594098
ETH,2024-07-19,2024-07-25,3258.1899,3503.43,10.690765358579199,350.343,-78.27614457389046,STOP_2X,38.53774800937661,46.536480111461614
ETH,2024-07-22,2024-07-25,3198.7164,3439.48,11.005324766036097,343.94800000000004,-63.493744675673156,STOP_2X,40.08347928667327,46.536480111461614
ETH,2024-07-24,2024-07-25,3102.4428,3335.96,11.638439660822371,333.596,-32.312351337780854,STOP_2X,43.01530332251085,46.536480111461614
ETH,2024-07-25,2024-07-28,2952.7686,3175.02,12.852580857956127,317.502,11.83752755379566,PROFIT_LOCK,48.42093719473436,46.672459468666574
ETH,2024-07-26,2024-07-29,3045.5081999999998,3274.74,14.147104107855057,327.474,11.597935934719459,PROFIT_LOCK,50.94334091405576,46.89488148122102
ETH,2024-07-27,2024-08-01,3022.5,3250.0,13.541029942512978,325.0,11.454685167036132,PROFIT_LOCK,49.52693938017861,46.851849266011186
ETH,2024-07-28,2024-08-02,3040.9977,3269.89,13.362448384291383,326.98900000000003,-61.407058073657936,STOP_2X,48.78164657484469,49.738238661867285
ETH,2024-07-29,2024-08-02,3085.7865,3318.05,13.769119067924692,331.80500000000006,-102.04369138775525,STOP_2X,49.37166044107058,49.738238661867285
ETH,2024-08-01,2024-08-02,2979.2643,3203.51,13.254510115912524,320.35100000000006,-57.686656845409345,STOP_2X,49.257509852391756,49.738238661867285
ETH,2024-08-02,2024-08-04,2780.1605999999997,2989.42,14.918195787982995,298.942,-104.82636896262011,STOP_2X,56.914170033297104,50.20194527558273
ETH,2024-08-03,2024-08-04,2700.162,2903.4,11.080673508120753,290.34000000000003,-63.84329827844067,STOP_2X,46.221071149997115,50.20194527558273
ETH,2024-08-04,2024-08-05,2500.7327999999998,2688.96,13.801898237891805,268.896,-106.02216053979498,STOP_2X,58.14423412996915,57.337247773408336
ETH,2024-08-06,2024-08-07,2288.9904,2461.28,17.84501373154069,246.12800000000004,-26.118435022759854,STOP_2X,75.23277336514536,56.98012921197607
ETH,2024-08-05,2024-08-08,2250.2466,2419.62,18.12814204002234,241.962,17.616849553609757,PROFIT_LOCK,77.07189045806201,70.43498935882243
ETH,2024-08-07,2024-08-08,2178.7947,2342.79,17.25994381114441,234.279,16.476886629206053,PROFIT_LOCK,76.12457008850056,70.43498935882243
ETH,2024-08-09,2024-08-12,2416.8654,2598.78,32.67408727683505,259.87800000000004,27.50965149427242,PROFIT_LOCK,100.0,73.37284753926397
ETH,2024-08-08,2024-08-13,2495.5806,2683.42,33.4309037726523,268.34200000000004,29.078904157506855,PROFIT_LOCK,100.0,72.94103157477204
ETH,2024-08-10,2024-08-14,2427.4395,2610.15,32.86459498389752,261.01500000000004,27.798794621575126,PROFIT_LOCK,100.0,69.22677533778572
ETH,2024-08-12,2024-08-19,2531.5343999999996,2722.08,37.175198820985315,272.208,37.175198820985315,EXPIRED,100.0,69.25584412327939
ETH,2024-08-13,2024-08-19,2513.232,2702.4,36.42600640678279,270.24,32.384148012438175,PROFIT_LOCK,99.04232381425324,69.25584412327939
ETH,2024-08-14,2024-08-21,2474.8323,2661.11,31.861859162428686,266.11100000000005,31.861859162428686,EXPIRED,90.80489157825802,69.68017123505402
ETH,2024-08-19,2024-08-23,2452.1589,2636.73,31.600585495336645,263.673,29.509186085688498,PROFIT_LOCK,90.86935997661523,70.83564905780106
ETH,2024-08-20,2024-08-23,2392.7877,2572.89,30.817137803134187,257.289,28.890848136479264,PROFIT_LOCK,90.82980423228446,70.83564905780106
ETH,2024-08-21,2024-08-24,2446.5231,2630.67,31.974899724323905,263.067,28.451686843914132,PROFIT_LOCK,91.8104274760334,69.67478155577133
ETH,2024-08-23,2024-08-27,2568.4833,2761.81,34.85469605332992,276.181,-101.61284423591314,STOP_2X,94.37303211550139,72.7832220737498
ETH,2024-08-24,2024-08-27,2574.4446,2768.22,33.640789283912454,276.822,-115.6245460677435,STOP_2X,91.79847431097635,72.7832220737498
ETH,2024-08-25,2024-08-27,2553.9287999999997,2746.16,32.47853626300855,274.616,-109.89762289009366,STOP_2X,89.99194140762303,72.7832220737498
ETH,2024-08-27,2024-08-31,2284.7774999999997,2456.75,32.955573461061476,245.675,27.5197750525451,PROFIT_LOCK,98.6923358252927,73.35756594716632
ETH,2024-08-28,2024-09-02,2351.1423,2528.11,34.44891187806172,252.81100000000004,29.836884919249115,PROFIT_LOCK,99.83558540163415,72.76639108424158
ETH,2024-08-29,2024-09-04,2350.9004999999997,2527.85,34.48800224423678,252.785,30.401220932437298,PROFIT_LOCK,99.92633593247011,63.68762845216036
ETH,2024-08-31,2024-09-06,2337.2295,2513.15,34.306026736049944,251.31500000000003,-80.42340346785363,STOP_2X,99.9661086712034,65.20916757673433
ETH,2024-09-02,2024-09-06,2360.4051,2538.07,34.028884317951565,253.80700000000002,-112.5844077392884,STOP_2X,98.65500826179343,65.20916757673433
ETH,2024-09-04,2024-09-06,2279.0115,2450.55,24.049067231273966,245.05500000000004,-74.7976187992731,STOP_2X,78.52023909219666,65.20916757673433
ETH,2024-09-06,2024-09-08,2069.3523,2225.11,23.13137760632179,222.51100000000002,21.08086667136223,PROFIT_LOCK,81.89469002756431,50.74409439439728
ETH,2024-09-07,2024-09-09,2114.5503,2273.71,12.366299341003753,227.371,10.539576579257371,PROFIT_LOCK,50.786800140269236,51.48262230289814
ETH,2024-09-08,2024-09-10,2136.3495,2297.15,12.177643963991272,229.71500000000003,10.48736496666291,PROFIT_LOCK,49.81422693466435,51.38548821256713
ETH,2024-09-09,2024-09-13,2194.4465999999998,2359.62,13.05738663656706,235.962,12.764060584244678,PROFIT_LOCK,51.45212513352509,48.92498938121268
ETH,2024-09-10,2024-09-13,2221.1654999999996,2388.35,13.14286044111833,238.835,11.557166300149262,PROFIT_LOCK,51.23670233125877,48.92498938121268
ETH,2024-09-11,2024-09-13,2176.3487999999998,2340.16,10.26589682203064,234.016,9.118312181993232,PROFIT_LOCK,43.10120439840478,48.92498938121268
ETH,2024-09-13,2024-09-15,2268.4094999999998,2439.15,11.571377836346528,243.91500000000002,-20.733932974864047,STOP_2X,45.77983799642953,49.33758835375558
ETH,2024-09-14,2024-09-15,2248.5447,2417.79,10.821496371149692,241.779,-19.14363556785338,STOP_2X,43.775664914983224,49.33758835375558
ETH,2024-09-15,2024-09-18,2154.0753,2316.21,11.276267646541612,231.621,9.855224888569623,PROFIT_LOCK,46.694894971529614,49.82163181264563
ETH,2024-09-16,2024-09-18,2135.0195999999996,2295.72,11.089604388875955,229.572,9.3169016458356,PROFIT_LOCK,46.41733212650996,49.82163181264563
ETH,2024-09-17,2024-09-19,2177.6787,2341.59,11.658433733094853,234.15900000000002,10.732238011546123,PROFIT_LOCK,47.50014233225138,50.78159992467217
ETH,2024-09-18,2024-09-20,2208.1268999999998,2374.33,11.909273114917596,237.433,11.578369774093595,PROFIT_LOCK,47.7684006581267,51.6384427877002
ETH,2024-09-19,2024-09-21,2292.5244,2465.08,13.096767641023973,246.508,12.254871279841964,PROFIT_LOCK,49.89740624282246,51.981210744180096
ETH,2024-09-20,2024-09-23,2381.9997,2561.29,14.300145923489254,256.129,13.187663607357713,PROFIT_LOCK,51.797701906542315,50.33625079736295
ETH,2024-09-21,2024-09-24,2429.7273,2612.61,14.872563686708304,261.261,12.236100107071124,PROFIT_LOCK,52.557888504886606,50.30812065668392
ETH,2024-09-22,2024-09-26,2400.4601999999995,2581.14,12.859145986922385,258.114,12.51819428778796,PROFIT_LOCK,47.5227246482114,43.716343089258295
ETH,2024-09-23,2024-09-27,2461.9331999999995,2647.24,13.697709228063616,264.724,13.314418478273279,PROFIT_LOCK,48.90971637343803,43.470008104021936
ETH,2024-09-24,2024-09-27,2467.2342,2652.94,13.704097700763043,265.29400000000004,12.521942673744434,PROFIT_LOCK,47.65292331722647,43.470008104021936
ETH,2024-09-26,2024-09-29,2447.7135,2631.95,8.64092780127396,263.195,6.987415572581071,PROFIT_LOCK,32.638229429098374,43.612504402446454
ETH,2024-09-27,2024-10-01,2505.7826999999997,2694.39,8.674309120304144,269.439,-67.79524827644258,STOP_2X,31.93214597746951,46.48225874921358
ETH,2024-09-28,2024-10-01,2488.029,2675.3,8.667040548851503,267.53000000000003,-61.64101605445052,STOP_2X,32.11096551897988,46.48225874921358
ETH,2024-09-29,2024-10-01,2471.5773,2657.61,8.653649456846153,265.761,-57.11790008025372,STOP_2X,32.2565103998153,46.48225874921358
ETH,2024-10-01,2024-10-02,2277.0119999999997,2448.4,9.873727892069837,244.84000000000003,-11.389318471500587,STOP_2X,27.19699923385529,45.55657089242084
ETH,2024-10-02,2024-10-04,2198.7897,2364.29,8.925123626942877,236.429,7.225600834146945,PROFIT_LOCK,24.690811873159475,44.36268845748685
ETH,2024-10-03,2024-10-05,2185.2117,2349.69,7.71277796710217,234.96900000000002,6.662532795276356,PROFIT_LOCK,16.336861993267252,43.21402933300422
ETH,2024-10-04,2024-10-06,2245.4199,2414.43,8.336205503649126,241.44299999999998,6.914664284739487,PROFIT_LOCK,17.6560671269432,38.89990288573923
ETH,2024-11-06,2024-11-07,2531.5901999999996,2722.14,14.868712805516225,272.214,13.011835990519458,PROFIT_LOCK,37.82687710972637,53.920616260460505
ETH,2024-11-07,2024-11-09,2692.5173999999997,2895.18,18.312928658807834,289.518,17.690505880330253,PROFIT_LOCK,45.316077950465505,54.782402543936804
ETH,2024-11-08,2024-11-09,2754.5390999999995,2961.87,17.923510832823524,296.187,15.006197115255901,PROFIT_LOCK,42.979773326544816,54.782402543936804
ETH,2024-11-09,2024-11-11,2907.6170999999995,3126.47,20.677134466715245,312.647,19.769735211996966,PROFIT_LOCK,47.73872310996079,56.4656272949983
ETH,2024-11-10,2024-11-11,2960.5991999999997,3183.44,20.978424457011954,318.34400000000005,17.65957091256854,PROFIT_LOCK,47.56120071676802,56.4656272949983
ETH,2024-11-11,2024-11-12,3135.0579,3371.03,24.232651571665315,337.10300000000007,-25.451952476540782,STOP_2X,52.49313881413613,58.07305972606781
ETH,2024-11-12,2024-11-14,3017.9894999999997,3245.15,25.154770526455764,324.51500000000004,-37.923733590698134,STOP_2X,57.013879206398556,57.76053554969744
ETH,2024-11-13,2024-11-14,2964.0123,3187.11,22.6626359844156,318.711,-26.759828397571823,STOP_2X,51.85997028488975,57.76053554969744
ETH,2024-11-14,2024-11-18,2844.8142,3058.94,23.37338750164099,305.894,22.674000259867235,PROFIT_LOCK,56.13493671378252,59.113200775609734
ETH,2024-11-15,2024-11-18,2873.7093,3090.01,23.614619720183327,309.00100000000003,20.789501764821708,PROFIT_LOCK,56.14480831573445,59.113200775609734
ETH,2024-11-16,2024-11-21,2913.4295999999995,3132.72,23.938467862860534,313.272,23.886592442829073,PROFIT_LOCK,56.138313180545595,63.24364222330329
ETH,2024-11-18,2024-11-21,2983.6074,3208.18,26.059017940870945,320.818,22.890659730690345,PROFIT_LOCK,59.939170226678506,63.24364222330329
ETH,2024-11-19,2024-11-21,2889.4448999999995,3106.93,25.566349287121398,310.693,23.724996853935707,PROFIT_LOCK,60.76815544430286,63.24364222330329
ETH,2024-11-21,2024-11-25,3121.1450999999997,3356.07,32.371595137462236,335.607,28.554379750208653,PROFIT_LOCK,71.55561713265467,60.585705023546545
ETH,2024-11-22,2024-11-25,3094.7609999999995,3327.7,30.46413787306676,332.77,25.097913432197032,PROFIT_LOCK,67.87243899165011,60.585705023546545
ETH,2024-11-23,2024-11-27,3156.3828,3393.96,31.142336707581194,339.396,30.64709768753937,PROFIT_LOCK,68.03183978660282,66.20085091703888
ETH,2024-11-25,2024-11-27,3175.7360999999996,3414.77,29.561417080370575,341.47700000000003,25.8796803652951,PROFIT_LOCK,64.08043881300212,66.20085091703888
ETH,2024-11-26,2024-11-27,3092.0454,3324.78,29.957135481788214,332.47800000000007,27.306764308619364,PROFIT_LOCK,66.77827342832886,66.20085091703888
ETH,2024-11-27,2024-12-01,3397.8015,3653.55,39.38389386716153,365.355,33.45533824096944,PROFIT_LOCK,79.87246612221071,64.00007498309436
ETH,2024-11-28,2024-12-01,3328.5164999999997,3579.05,39.24135446483865,357.90500000000003,33.9412119004582,PROFIT_LOCK,81.20357466286991,64.00007498309436
ETH,2024-11-29,2024-12-04,3340.9226999999996,3592.39,39.41871459568722,359.23900000000003,39.32749598594708,PROFIT_LOCK,82.63985225794255,64.54983192231266
ETH,2024-12-01,2024-12-04,3448.8491999999997,3708.44,36.8340277768923,370.84400000000005,30.893830380991744,PROFIT_LOCK,79.87716964205079,64.54983192231266
ETH,2024-12-02,2024-12-04,3388.1573999999996,3643.18,36.690897538239255,364.318,31.087138050107427,PROFIT_LOCK,91.92704084002455,64.54983192231266
ETH,2024-12-04,2024-12-06,3569.6283,3838.31,38.929509232824785,383.831,33.56116492028741,PROFIT_LOCK,92.57163737637134,58.87868859757784
ETH,2024-12-05,2024-12-06,3520.1522999999997,3785.11,39.19401747436734,378.511,33.90628321353961,PROFIT_LOCK,94.48664501103069,58.87868859757784
ETH,2024-12-06,2024-12-09,3719.5815,3999.55,32.150520114721076,399.95500000000004,-65.57750527892881,STOP_2X,72.94529836668762,60.64727739286882
ETH,2024-12-07,2024-12-09,3716.4381,3996.17,29.66008452429378,399.617,-77.52365845838744,STOP_2X,66.91866819896643,60.64727739286882
ETH,2024-12-08,2024-12-09,3723.7664999999997,4004.05,29.631073607014855,400.40500000000003,-91.43945767661273,STOP_2X,66.70224449990312,60.64727739286882
ETH,2024-12-10,2024-12-11,3374.4584999999997,3628.45,32.07390938020649,362.845,25.974447319284053,PROFIT_LOCK,80.57356880161412,60.88176664246272
ETH,2024-12-09,2024-12-12,3452.5506,3712.42,32.22189011100761,371.242,29.55603242084922,PROFIT_LOCK,79.06592013156464,59.581421816922045
ETH,2024-12-11,2024-12-15,3563.5368,3831.76,33.58745434537286,383.17600000000004,31.957396816114382,PROFIT_LOCK,79.87742589735683,57.77068800396078
ETH,2024-12-12,2024-12-15,3610.0647,3881.79,32.18572044554958,388.17900000000003,25.864986837123837,PROFIT_LOCK,75.37727365041239,57.77068800396078
ETH,2024-12-13,2024-12-16,3633.7889999999998,3907.3,31.78196899019224,390.73,25.49638151398588,PROFIT_LOCK,73.86585454615702,57.74855351537569
ETH,2024-12-15,2024-12-18,3681.8048999999996,3958.93,30.264398237628143,395.89300000000003,-93.42732293632241,STOP_2X,69.11079903770512,61.33043919348611
ETH,2024-12-16,2024-12-18,3707.0265,3986.05,30.440596740323485,398.605,-119.54446345018789,STOP_2X,69.03419738052567,61.33043919348611
ETH,2024-12-17,2024-12-18,3620.7410999999997,3893.27,30.044426387364524,389.327,-80.63848835384385,STOP_2X,69.82020492893606,61.33043919348611
ETH,2024-12-18,2024-12-19,3372.8495999999996,3626.72,32.38983181288211,362.672,-56.92946212724621,STOP_2X,81.43016387037153,63.23962346169463
ETH,2024-12-19,2024-12-24,3177.3635999999997,3416.52,32.949492181156415,341.65200000000004,32.046709194536334,PROFIT_LOCK,88.0373496765189,60.33311354051231
ETH,2024-12-20,2024-12-24,3228.4206,3471.42,33.39401400246345,347.14200000000005,27.259208207462706,PROFIT_LOCK,87.81300840238977,60.33311354051231
ETH,2024-12-21,2024-12-24,3104.5073999999995,3338.18,26.93634481084564,333.818,24.442782494919413,PROFIT_LOCK,73.24108363684081,60.33311354051231
ETH,2024-12-25,2024-12-26,3252.2843999999996,3497.08,29.747760061828444,349.708,-37.362597778231816,STOP_2X,77.42718524944078,61.28896074960698
ETH,2024-12-24,2024-12-30,3248.8340999999996,3493.37,29.91922323544543,349.337,24.83635851916,PROFIT_LOCK,77.97868147123233,53.80071487235484
ETH,2024-12-26,2024-12-30,3101.5035,3334.95,29.73296490471239,333.495,26.49763373190214,PROFIT_LOCK,81.28661785953182,53.80071487235484
ETH,2024-12-27,2025-01-01,3099.9410999999996,3333.27,21.616591006982958,333.327,20.6037665869528,PROFIT_LOCK,57.445321703857225,53.69772809555785
ETH,2024-12-30,2025-01-02,3126.4089,3361.73,21.130319516820805,336.173,18.154469166008425,PROFIT_LOCK,55.371763700615105,54.39762049337404
ETH,2024-12-31,2025-01-02,3104.0703,3337.71,20.9719704835328,333.771,17.008460823947786,PROFIT_LOCK,55.34869718575831,54.39762049337404
ETH,2025-01-01,2025-01-03,3124.8372,3360.04,21.005153357470363,336.004,20.29513458720036,PROFIT_LOCK,55.01535348856552,52.96044766993001
ETH,2025-01-02,2025-01-03,3213.4847999999997,3455.36,22.405741724239306,345.53600000000006,18.27592449912723,PROFIT_LOCK,57.437497434377946,52.96044766993001
ETH,2025-01-03,2025-01-06,3356.3885999999998,3609.02,21.68746383331097,360.90200000000004,18.873515851422184,PROFIT_LOCK,52.46381938864882,50.50831312352848
ETH,2025-01-04,2025-01-07,3400.7960999999996,3656.77,22.037809408207522,365.677,-67.51908035457245,STOP_2X,52.64760783043608,56.022208571155396
ETH,2025-01-05,2025-01-07,3381.2195999999994,3635.72,18.732007962751936,363.572,-69.75235143060502,STOP_2X,43.134772599765355,56.022208571155396
ETH,2025-01-06,2025-01-07,3428.9006999999997,3686.99,19.274559695906078,368.699,-104.02573264851446,STOP_2X,43.97762513305155,56.022208571155396
ETH,2025-01-09,2025-01-12,2994.0047999999997,3219.36,18.843839034957114,321.93600000000004,15.764337050714914,PROFIT_LOCK,50.80255107736905,49.49116950062534
ETH,2025-01-12,2025-01-13,3038.2820999999994,3266.97,16.057215362182205,326.697,-23.76231432332395,STOP_2X,40.443153470830936,50.48998823818318
ETH,2025-01-07,2025-01-14,3144.4323,3381.11,23.78799082507453,338.11100000000005,23.78799082507453,EXPIRED,63.05977049994505,50.76461150770396
ETH,2025-01-08,2025-01-14,3094.2587999999996,3327.16,19.04315909777955,332.716,16.8928939674079,PROFIT_LOCK,49.40889926079069,50.76461150770396
ETH,2025-01-13,2025-01-15,2917.6425,3137.25,16.382804841622317,313.725,16.087155055039368,PROFIT_LOCK,43.90063927438193,55.06160234763028
ETH,2025-01-14,2025-01-15,2999.3243999999995,3225.08,17.117458925754534,322.50800000000004,15.115337688971579,PROFIT_LOCK,44.851268272406585,55.06160234763028
ETH,2025-01-15,2025-01-16,3209.1416999999997,3450.69,23.146753301908348,345.069,-28.76933222666935,STOP_2X,59.72562361676012,55.87498208090164
ETH,2025-01-16,2025-01-17,3076.4028,3307.96,23.1061249706421,330.79600000000005,19.318710692286572,PROFIT_LOCK,62.54119843022217,54.43901300195427
ETH,2025-01-17,2025-01-18,3230.3456999999994,3473.49,22.57144993378995,347.349,-33.25894491574843,STOP_2X,57.570484007164794,53.50316367135356
ETH,2025-01-19,2025-01-21,2989.299,3214.3,20.243305758916506,321.43000000000006,16.898509386393243,PROFIT_LOCK,55.36977540713466,53.024175914933515
ETH,2025-01-18,2025-01-23,3076.7004,3308.28,20.469075129413625,330.82800000000003,19.67475595871855,PROFIT_LOCK,54.20776576981594,52.411580493674556
ETH,2025-01-20,2025-01-23,3054.0362999999998,3283.91,19.904504872137807,328.391,16.047866625427844,PROFIT_LOCK,52.876126272243965,52.411580493674556
ETH,2025-01-21,2025-01-28,3094.6679999999997,3327.6,20.065587105087047,332.76,3.027587105087491,ASSIGNED,52.545240720522166,51.61979765067295
ETH,2025-01-23,2025-01-28,3104.7491999999997,3338.44,19.466577117648683,333.84400000000005,-42.44817317801295,STOP_2X,50.41897502943725,51.61979765067295
ETH,2025-01-24,2025-01-28,3078.2348999999995,3309.93,19.3359499401152,330.993,-38.42626465085044,STOP_2X,50.534570337669905,51.61979765067295
ETH,2025-01-28,2025-01-30,2862.1958999999997,3077.63,17.164711982192387,307.76300000000003,15.64329795659215,PROFIT_LOCK,47.670765304976506,53.3286426260995
ETH,2025-01-29,2025-01-31,2896.0571999999997,3114.04,17.52667841281084,311.404,16.233371149632198,PROFIT_LOCK,48.22674757912476,53.52202633956252
ETH,2025-01-30,2025-02-01,3019.9424999999997,3247.25,19.904990656259315,324.725,-19.92676486469054,STOP_2X,53.60201832538781,55.24035494261358
ETH,2025-01-31,2025-02-01,3069.7533,3300.81,20.44337959831563,330.081,-45.269613723942996,STOP_2X,54.27323645872936,55.24035494261358
ETH,2025-02-01,2025-02-02,2898.9773999999998,3117.18,21.09850114929509,311.718,-80.12235711443759,STOP_2X,59.28656408462479,57.98553203542416
ETH,2025-02-02,2025-02-04,2668.3745999999996,2869.22,22.151824061149625,286.92199999999997,-25.3996602700567,STOP_2X,69.0426856102849,59.226059002887624
ETH,2025-02-03,2025-02-04,2678.6604,2880.28,22.005705014739988,288.028,-36.47696903777842,STOP_2X,48.048843632795155,59.226059002887624
ETH,2025-02-05,2025-02-07,2593.0818,2788.26,23.031177290281448,278.826,-31.217111246374543,STOP_2X,58.141584589654386,55.658074437071626
ETH,2025-02-04,2025-02-10,2539.6160999999997,2730.77,22.292006474976233,273.077,20.632380820729935,PROFIT_LOCK,56.58131760848555,55.08872690311395
ETH,2025-02-06,2025-02-12,2499.1982999999996,2687.31,18.41858359567908,268.731,18.395207116420142,PROFIT_LOCK,34.87557410102404,56.848441050715316
ETH,2025-02-07,2025-02-12,2438.5157999999997,2622.06,18.120392194403735,262.206,18.02368378472265,PROFIT_LOCK,35.8434070350071,56.848441050715316
ETH,2025-02-10,2025-02-14,2474.823,2661.1,17.874730721065134,266.11,16.921951817933106,PROFIT_LOCK,32.53423401963996,52.312925976632684
ETH,2025-02-12,2025-02-17,2546.3958,2738.06,20.046363999307175,273.806,19.4144379165488,PROFIT_LOCK,42.762079447411885,48.29445789087424
ETH,2025-02-13,2025-02-17,2488.2987,2675.59,19.03671054375343,267.559,18.526397034359533,PROFIT_LOCK,39.30001779315206,48.29445789087424
ETH,2025-02-14,2025-02-19,2534.7336,2725.52,15.805850600515782,272.552,14.889298213234966,PROFIT_LOCK,16.40066888747628,47.99203550394532
ETH,2025-02-24,2025-02-26,2337.7131,2513.67,19.718318879242645,251.36700000000002,-47.08890362821688,STOP_2X,55.6749027931401,60.43334614144753
ETH,2025-02-25,2025-02-26,2320.7778,2495.46,19.38163060467474,249.54600000000002,-45.23646559100888,STOP_2X,54.5151747972646,60.43334614144753
ETH,2025-02-26,2025-03-02,2172.4428,2335.96,20.092027506599948,233.596,19.574133804429255,PROFIT_LOCK,66.79915825836237,70.28393910677968
ETH,2025-02-27,2025-03-02,2145.9843,2307.51,19.515287039044267,230.75100000000003,18.61524915776515,PROFIT_LOCK,70.67587198909635,70.28393910677968
ETH,2025-02-28,2025-03-02,2080.6331999999998,2237.24,18.88435781632262,223.724,18.23502401242947,PROFIT_LOCK,70.41510688602494,70.28393910677968
ETH,2025-03-02,2025-03-03,2341.8981,2518.17,31.218779096614412,251.817,-188.87111004753126,STOP_2X,100.0,81.55908779525872
ETH,2025-03-03,2025-03-08,1998.4584,2148.88,36.787875331680084,214.88800000000003,34.41132281802955,PROFIT_LOCK,100.0,78.7419162435157
ETH,2025-03-05,2025-03-09,2084.6787,2241.59,36.68481539893139,224.15900000000002,-61.78002194115709,STOP_2X,94.81025497764396,81.97631299707291
ETH,2025-03-08,2025-03-09,2049.162,2203.4,35.054722128537264,220.34000000000003,-65.50852717533405,STOP_2X,91.64704064346427,81.97631299707291
ETH,2025-03-04,2025-03-10,2019.5507999999998,2171.56,34.78387555614586,217.156,-120.7733666389347,STOP_2X,92.40141638958434,84.4137110310018
ETH,2025-03-09,2025-03-10,1878.7395,2020.15,34.94918433433617,202.01500000000001,-52.777188339739325,STOP_2X,100.0,84.4137110310018
ETH,2025-03-10,2025-03-14,1734.6545999999998,1865.22,34.251835838487125,186.52200000000002,27.710225287506347,PROFIT_LOCK,100.0,83.67051468042843
ETH,2025-03-11,2025-03-17,1788.6131999999998,1923.24,36.02922099279385,192.324,34.48052812893731,PROFIT_LOCK,100.0,84.10766799625317
ETH,2025-03-12,2025-03-17,1774.5701999999999,1908.14,35.51203244429132,190.81400000000002,30.473137941629062,PROFIT_LOCK,99.25433027673225,84.10766799625317
ETH,2025-03-14,2025-03-19,1777.8809999999999,1911.7,34.48319047909507,191.17000000000002,34.015318107116926,PROFIT_LOCK,95.76339635594773,86.0597066092156
ETH,2025-03-17,2025-03-22,1791.5147999999997,1926.36,35.116144202848034,192.636,32.19750964712529,PROFIT_LOCK,96.93152018605247,85.88649588430597
ETH,2025-03-18,2025-03-23,1796.4716999999998,1931.69,35.29487869589917,193.169,33.25287235736165,PROFIT_LOCK,97.18905901651193,85.9885327419239
ETH,2025-03-19,2025-03-24,1912.3218000000002,2056.26,39.25010552494007,205.62600000000003,33.84892727910429,PROFIT_LOCK,100.0,85.9869922998816
ETH,2025-03-22,2025-03-27,1842.1254,1980.78,37.65779824296186,198.078,33.700795708497765,PROFIT_LOCK,99.02591767003574,79.84272719344068
ETH,2025-03-24,2025-03-29,1935.7764,2081.48,39.66464331979671,208.14800000000002,-77.67828559000156,STOP_2X,99.28743394339415,79.65049115673295
ETH,2025-03-27,2025-03-29,1863.4781999999998,2003.74,32.82146027127345,200.37400000000002,-54.86613904187044,STOP_2X,83.29855211155127,79.65049115673295
ETH,2025-03-23,2025-03-30,1865.4497999999999,2005.86,38.22499487603568,200.586,-19.50480512396416,ASSIGNED,99.29144255066555,79.3569492891878
ETH,2025-03-29,2025-04-01,1700.2446,1828.22,29.79576842139096,182.822,26.26162207745618,PROFIT_LOCK,82.79830688750982,70.49679616297252
ETH,2025-03-30,2025-04-01,1681.1796,1807.72,29.234492669488873,180.77200000000002,25.062498594210226,PROFIT_LOCK,82.0344390934659,70.49679616297252
ETH,2025-03-31,2025-04-04,1694.6273999999999,1822.18,29.559915538410905,182.21800000000002,26.15694983662172,PROFIT_LOCK,82.34006325466281,55.738627575426115
ETH,2025-04-01,2025-04-06,1771.7894999999999,1905.15,23.782491187593905,190.51500000000001,-167.34281082174425,STOP_2X,58.97815182510154,66.42075641653281
ETH,2025-04-02,2025-04-06,1669.2756,1794.92,13.10237072047704,179.49200000000002,-84.99465826709996,STOP_2X,23.29965336792253,66.42075641653281
ETH,2025-04-04,2025-04-06,1689.7541999999999,1816.94,12.606465954971043,181.69400000000002,-110.01067594333455,STOP_2X,20.57378457972745,66.42075641653281
ETH,2025-04-06,2025-04-08,1470.2835,1580.95,17.17745158462037,158.09500000000003,-24.433026894398267,STOP_2X,48.37129865084621,62.7127581484084
ETH,2025-04-07,2025-04-08,1444.2528,1552.96,16.276186061840008,155.29600000000002,-17.419009107333522,STOP_2X,45.79273716229165,62.7127581484084
ETH,2025-04-08,2025-04-09,1370.1410999999998,1473.27,13.91620551549022,147.327,13.209016007407051,PROFIT_LOCK,38.722179494257404,70.61327412180464
ETH,2025-04-09,2025-04-10,1552.2815999999998,1669.12,20.91458595803789,166.912,-53.577022661662625,STOP_2X,59.28125598605787,74.27697334636787
ETH,2025-04-10,2025-04-12,1415.9063999999998,1522.48,21.361684351605106,152.24800000000002,18.67052918547678,PROFIT_LOCK,68.81509818755225,76.49141140317609
ETH,2025-04-11,2025-04-16,1456.9659,1566.63,22.466083386466153,156.663,19.403388125445787,PROFIT_LOCK,70.75198779597413,75.84877358501429
ETH,2025-04-13,2025-04-18,1486.047,1597.9,23.762443273716542,159.79000000000002,19.43607965459941,PROFIT_LOCK,74.05106088347016,73.06822732577264
ETH,2025-04-12,2025-04-19,1529.0036999999998,1644.09,24.589222809666467,164.409,24.589222809666467,EXPIRED,74.5776080729292,72.90792662506132
ETH,2025-04-16,2025-04-21,1466.4705,1576.85,23.15804618381884,157.685,19.998734576006214,PROFIT_LOCK,72.90530716187455,72.82571383455473
ETH,2025-04-18,2025-04-22,1477.5839999999998,1588.8,21.49875554540995,158.88,21.171940898738363,PROFIT_LOCK,65.66964515888203,79.78925471070504
ETH,2025-04-19,2025-04-22,1500.2388,1613.16,21.722046353388578,161.31600000000003,20.174406084220607,PROFIT_LOCK,65.25250349639938,79.78925471070504
ETH,2025-04-21,2025-04-22,1468.9535999999998,1579.52,21.215713259158065,157.952,18.54115597590635,PROFIT_LOCK,65.0385656910306,79.78925471070504
ETH,2025-04-22,2025-04-26,1633.4613,1756.41,28.729894546415665,175.64100000000002,25.16839392095919,PROFIT_LOCK,83.15940362220317,79.3731904595348
ETH,2025-04-23,2025-04-28,1669.5546,1795.22,28.930612838650745,179.52200000000002,24.539407380977508,PROFIT_LOCK,81.68959264805984,77.27900990542867
ETH,2025-04-24,2025-04-29,1645.6256999999998,1769.49,28.55021639284604,176.949,25.984015154059804,PROFIT_LOCK,81.8074167925886,77.21205503330253
ETH,2025-04-26,2025-05-01,1693.3626,1820.82,29.45899683663157,182.082,26.200603469540823,PROFIT_LOCK,82.0767025943062,76.37495147817333
ETH,2025-04-28,2025-05-02,1673.7860999999998,1799.77,27.51542997900691,179.977,23.391628116114816,PROFIT_LOCK,76.62713216821147,74.34123331832427
ETH,2025-04-29,2025-05-03,1672.2236999999998,1798.09,27.438860624653785,179.809,22.79515558369266,PROFIT_LOCK,76.45289920138056,74.27741657350424
ETH,2025-05-01,2025-05-06,1709.5446,1838.22,27.402613707782905,183.822,23.736998090974282,PROFIT_LOCK,74.27455084041127,62.78596277442846
ETH,2025-05-02,2025-05-07,1713.2924999999998,1842.25,25.897450525666102,184.22500000000002,21.343538752653785,PROFIT_LOCK,68.98231836446999,62.47054614420915
ETH,2025-05-03,2025-05-08,1705.1456999999998,1833.49,25.725755293681573,183.34900000000002,25.72551594358704,PROFIT_LOCK,68.81625157305652,81.59771209384486
ETH,2025-05-06,2025-05-08,1689.5217,1816.69,17.210028349137417,181.669,17.069738848973486,PROFIT_LOCK,38.91267585056731,81.59771209384486
ETH,2025-05-07,2025-05-08,1684.4067,1811.19,16.94365445352514,181.11900000000003,16.63419628261097,PROFIT_LOCK,38.09188456942809,81.59771209384486
ETH,2025-05-08,2025-05-10,2052.9377999999997,2207.46,37.827637802717504,220.746,37.60608783471636,PROFIT_LOCK,87.865452416653,73.27529359579734
ETH,2025-05-09,2025-05-10,2180.6081999999997,2344.74,34.479333768251536,234.474,31.350661225878937,PROFIT_LOCK,73.02140642865848,73.27529359579734
ETH,2025-05-11,2025-05-13,2338.6617,2514.69,35.3341541768898,251.46900000000002,29.733492685816458,PROFIT_LOCK,68.94210019169968,74.64940071625855
ETH,2025-05-10,2025-05-16,2403.0921,2583.97,35.185143339153,258.397,31.337718888229574,PROFIT_LOCK,66.20848228023519,75.72694413290141
ETH,2025-05-13,2025-05-17,2492.1861,2679.77,38.01398778755106,267.97700000000003,-39.65938541078867,STOP_2X,69.78424536869912,76.57476177227214
ETH,2025-05-12,2025-05-18,2320.6940999999997,2495.37,34.694093884438416,249.537,33.43769962481795,PROFIT_LOCK,68.0147555772983,76.51524905314633
ETH,2025-05-16,2025-05-21,2359.4193,2537.01,37.129733043447345,253.70100000000002,31.926989584740852,PROFIT_LOCK,72.58827710543558,75.89263760436431
ETH,2025-05-17,2025-05-21,2301.8057999999996,2475.06,37.1041400286432,247.506,32.12466820167057,PROFIT_LOCK,74.79450613625009,75.89263760436431
ETH,2025-05-18,2025-05-22,2322.9260999999997,2497.77,37.382025277393495,249.77700000000002,36.390119475049026,PROFIT_LOCK,74.6396394732546,71.47617381517514
ETH,2025-05-22,2025-05-23,2478.1151999999997,2664.64,34.320896643266565,266.464,-38.06985360305691,STOP_2X,60.87247705460559,74.01221923298388
ETH,2025-05-21,2025-05-26,2372.0208,2550.56,37.50510790804947,255.056,32.85886497120845,PROFIT_LOCK,72.96718694834587,73.65860559985833
ETH,2025-05-23,2025-05-27,2349.8031,2526.67,35.174051450143,252.66700000000003,33.16229764550661,PROFIT_LOCK,67.06856336482225,73.54063342813001
ETH,2025-05-24,2025-05-27,2353.1324999999997,2530.25,34.869197467265735,253.025,30.36816583990526,PROFIT_LOCK,58.88615078172536,73.54063342813001
ETH,2025-05-26,2025-06-01,2384.4363,2563.91,35.31746890033651,256.391,33.036648314215626,PROFIT_LOCK,58.838064871920594,75.3524139867284
ETH,2025-05-27,2025-06-02,2474.8137,2661.09,36.52646643299909,266.10900000000004,32.15613056814158,PROFIT_LOCK,58.4527387045205,75.33690627955329
ETH,2025-05-28,2025-06-04,2493.888,2681.6,36.780582822620545,268.16,36.780582822620545,EXPIRED,58.37186364761393,75.14001944590147
ETH,2025-06-02,2025-06-05,2424.5379,2607.03,37.72919766433472,260.70300000000003,-47.74163939989478,STOP_2X,64.3198082286597,79.37794201800472
ETH,2025-06-04,2025-06-05,2424.8448,2607.36,37.51966335359509,260.73600000000005,-66.10248797357133,STOP_2X,63.676727340081115,79.37794201800472
ETH,2025-06-01,2025-06-07,2361.5304,2539.28,36.76516339323405,253.92800000000003,36.47647233477298,PROFIT_LOCK,64.37046021957757,56.293094103884535
ETH,2025-06-05,2025-06-07,2245.1781,2414.17,39.063697674544756,241.41700000000003,36.71826679893009,PROFIT_LOCK,77.51882618867603,56.293094103884535
ETH,2025-06-06,2025-06-08,2302.9031999999997,2476.24,40.108426535477065,247.624,34.13974565074827,PROFIT_LOCK,77.64329273287667,53.80054376759059
ETH,2025-06-23,2025-06-27,2243.2158,2412.06,15.098423546935749,241.20600000000002,12.627774172022171,PROFIT_LOCK,17.206652856349304,52.5641705266522
ETH,2025-06-24,2025-06-29,2277.0957,2448.49,15.442079512014914,244.849,15.221097527285284,PROFIT_LOCK,17.630027564844145,51.88745755211988
ETH,2025-06-25,2025-06-29,2249.2421999999997,2418.54,15.298255433253303,241.854,14.830972736821352,PROFIT_LOCK,17.796793032956007,51.88745755211988
ETH,2025-07-02,2025-07-06,2390.5556999999994,2570.49,17.878476067438214,257.049,14.840210592173548,PROFIT_LOCK,23.343005782489744,51.675298458458585
ETH,2025-07-04,2025-07-06,2332.3469999999998,2507.9,18.1232702101305,250.79000000000002,14.744127560758841,PROFIT_LOCK,25.680517197636604,51.675298458458585
ETH,2025-07-03,2025-07-08,2409.5090999999998,2590.87,18.04754351160517,259.087,17.462483023202815,PROFIT_LOCK,23.43442759856887,52.09815558090266
ETH,2025-07-16,2025-07-18,3135.3927,3371.39,20.700295125241837,337.139,18.823959808551223,PROFIT_LOCK,16.129819807695746,53.29551584340738
ETH,2025-07-17,2025-07-19,3233.5914,3476.98,21.226325075815225,347.69800000000004,17.259020648984432,PROFIT_LOCK,15.811720600387186,53.15389700396934
ETH,2025-07-18,2025-07-20,3298.6634999999997,3546.95,21.703500559383315,354.695,20.616104828389048,PROFIT_LOCK,15.939341680237032,50.99731634098787
ETH,2025-07-19,2025-07-20,3340.7273999999998,3592.18,21.81344184056661,359.218,18.474351231807177,PROFIT_LOCK,15.51871803787718,50.99731634098787
ETH,2025-08-05,2025-08-07,3358.8903,3611.71,18.4158486132078,361.17100000000005,18.013814182522303,PROFIT_LOCK,17.030028555692052,51.38989528469553
ETH,2025-08-06,2025-08-07,3424.5110999999997,3682.27,18.313210036247426,368.22700000000003,16.33607191360592,PROFIT_LOCK,16.924025829805096,51.38989528469553
ETH,2025-08-07,2025-08-09,3636.4487999999997,3910.16,21.522689741954878,391.016,21.303700777138303,PROFIT_LOCK,21.694134212212187,49.60317993135338
ETH,2025-08-08,2025-08-09,3728.3234999999995,4008.95,20.144652772233826,400.895,18.50752212039494,PROFIT_LOCK,17.395124170255837,49.60317993135338
ETH,2025-08-09,2025-08-12,3962.8694999999993,4261.15,21.088899038347336,426.115,20.744350589446785,PROFIT_LOCK,16.70200099071827,53.82395121874484
ETH,2025-08-10,2025-08-12,3953.0022,4250.54,21.174372579540886,425.05400000000003,20.377902640330134,PROFIT_LOCK,16.99927249121209,53.82395121874484
ETH,2025-08-11,2025-08-12,3928.2177,4223.89,21.08818855061054,422.38900000000007,19.86713428332923,PROFIT_LOCK,17.10008564468367,53.82395121874484
ETH,2025-08-13,2025-08-14,4415.816699999999,4748.19,30.344868331749353,474.81899999999996,-43.16531302815281,STOP_2X,29.31541178464492,56.125849195096514
ETH,2025-08-12,2025-08-19,4268.4768,4589.76,28.884504154690717,458.97600000000006,-163.97229584530976,ASSIGNED,28.494955321524674,56.838127333375496
ETH,2025-08-14,2025-08-19,4228.7564999999995,4547.05,32.15314839729979,454.70500000000004,-139.2852680877628,STOP_2X,34.9265233599028,56.838127333375496
ETH,2025-08-15,2025-08-19,4129.2837,4440.09,28.402733194978282,444.009,-85.45669391708452,STOP_2X,29.366174515788536,56.838127333375496
ETH,2025-08-19,2025-08-20,3790.3266,4075.62,29.824511229725886,407.562,25.047414912732677,PROFIT_LOCK,36.9166486198638,59.37048974433872
ETH,2025-08-20,2025-08-22,4032.6287999999995,4336.16,35.62284965316303,433.616,33.90679925149545,PROFIT_LOCK,43.99214080555785,69.76252336437206
ETH,2025-08-21,2025-08-22,3929.5103999999997,4225.28,35.65091782352931,422.528,34.25014931269266,PROFIT_LOCK,45.70723878788945,69.76252336437206
ETH,2025-08-22,2025-08-25,4491.5652,4829.64,58.862208499499616,482.96400000000006,-145.3313325450498,STOP_2X,73.02777660306127,75.32164967649993
ETH,2025-08-23,2025-08-25,4444.1352,4778.64,58.51472565562551,477.86400000000003,-132.46378704522033,STOP_2X,73.42684607070909,75.32164967649993
ETH,2025-08-24,2025-08-25,4445.5302,4780.14,58.59585412894228,478.01400000000007,-147.78356757167796,STOP_2X,73.51813175590263,75.32164967649993
ETH,2025-08-25,2025-08-30,4070.5449,4376.93,63.3154730138458,437.69300000000004,51.93077954103279,PROFIT_LOCK,88.56013271862446,76.19524234355293
ETH,2025-08-26,2025-09-02,4278.957899999999,4601.03,67.81214311715826,460.103,67.81214311715826,EXPIRED,90.38080612167376,73.09261808293482
ETH,2025-08-30,2025-09-03,4068.2199,4374.43,64.87991883064342,437.44300000000004,54.43182247431366,PROFIT_LOCK,91.00097533358891,71.5212450208765
ETH,2025-09-02,2025-09-07,4022.9753999999994,4325.78,58.577457045541905,432.578,49.22110556867739,PROFIT_LOCK,82.33215541424795,69.51821944650025
ETH,2025-09-03,2025-09-09,4138.9836000000005,4450.52,57.40485343392629,445.0520000000001,48.1189048467329,PROFIT_LOCK,77.94169464399243,67.25366941406709
ETH,2025-09-07,2025-09-11,4004.1800999999996,4305.57,52.0532510261545,430.557,49.246119076964234,PROFIT_LOCK,77.87135830910923,63.08203502394099
ETH,2025-09-09,2025-09-12,4007.8722,4309.54,48.22917289024508,430.954,47.436352282836665,PROFIT_LOCK,71.06082942998015,64.39638613608368
ETH,2025-09-10,2025-09-12,4044.663,4349.1,48.69599377777524,434.9100000000001,46.09802803391433,PROFIT_LOCK,71.10323750664436,64.39638613608368
ETH,2025-09-11,2025-09-13,4146.7584,4458.88,42.737086045472665,445.88800000000003,35.14761413724898,PROFIT_LOCK,58.51483305974522,63.1698777732157
ETH,2025-09-12,2025-09-18,4382.3646,4712.22,47.51641940802426,471.22200000000004,43.05211234464775,PROFIT_LOCK,62.46768288790524,59.79179436594786
ETH,2025-09-13,2025-09-20,4340.1612,4666.84,44.88492861927409,466.684,44.88492861927409,EXPIRED,58.77901604187821,57.2219287747759
ETH,2025-09-14,2025-09-20,4282.1757,4604.49,43.79828435219997,460.449,40.064753203379496,PROFIT_LOCK,57.93474413488694,57.2219287747759
ETH,2025-09-18,2025-09-22,4266.6447,4587.79,38.38894766660178,458.779,-68.24494957593333,STOP_2X,48.61958733780807,44.27834808057736
ETH,2025-09-20,2025-09-22,4167.023099999999,4480.67,33.38881395521844,448.067,-37.853670004298465,STOP_2X,40.89083611858619,44.27834808057736
ETH,2025-10-01,2025-10-03,4043.2865999999995,4347.62,13.406153275897452,434.762,12.279092820483662,PROFIT_LOCK,15.92810280773764,43.1171325568818
ETH,2025-10-02,2025-10-05,4170.3618,4484.26,14.87616360021201,448.42600000000004,12.207647646569285,PROFIT_LOCK,18.183674612814567,41.86851657924546
ETH,2025-10-03,2025-10-06,4196.718,4512.6,14.120223516776662,451.26000000000005,13.640766576268483,PROFIT_LOCK,16.372475180391298,42.99002344666465
ETH,2025-10-06,2025-10-07,4356.12,4684.0,14.505379904912388,468.40000000000003,-49.19912285948931,STOP_2X,16.05760169606933,45.79667167853146
ETH,2025-10-08,2025-10-09,4209.124199999999,4525.94,17.690087310812146,452.594,-25.31895518695808,STOP_2X,23.611706094935457,47.28292286937973
ETH,2025-10-07,2025-10-10,4136.3796,4447.72,17.08448707654668,444.77200000000005,-303.516335806699,STOP_2X,23.01020412184546,60.71540672218404
ETH,2025-10-09,2025-10-10,4062.3608999999997,4368.13,18.612624157789924,436.81300000000005,-253.84484028458428,STOP_2X,26.691931499533716,60.71540672218404
ETH,2025-10-10,2025-10-12,3561.5373,3829.61,33.3346958341225,382.961,30.768191347764358,PROFIT_LOCK,59.96675331683294,65.77980349252182
ETH,2025-10-11,2025-10-12,3484.152,3746.4,32.01014629007943,374.64000000000004,29.812920154511275,PROFIT_LOCK,58.88172478642664,65.77980349252182
ETH,2025-10-13,2025-10-15,3944.3811,4241.27,45.66548945612931,424.12700000000007,-58.72444449074737,STOP_2X,73.47446111992998,66.9703775559744
ETH,2025-10-12,2025-10-17,3861.2297999999996,4151.86,44.076691886634194,415.186,-47.70542194019356,STOP_2X,72.5122290450553,66.87108612263327
ETH,2025-10-15,2025-10-20,3706.7009999999996,3985.7,44.161970600904056,398.57,37.5446784224992,PROFIT_LOCK,75.46150784232046,67.33001158633911
ETH,2025-10-17,2025-10-20,3563.2205999999996,3831.42,42.303525191981635,383.14200000000005,35.66933780535899,PROFIT_LOCK,75.21554404376951,67.33001158633911
ETH,2025-10-20,2025-10-25,3701.2511999999997,3979.84,44.65882078129937,397.98400000000004,38.234233174274664,PROFIT_LOCK,76.35238985721489,63.25966436432513
ETH,2025-10-21,2025-10-25,3602.1969,3873.33,43.96382703775589,387.333,39.21516986690861,PROFIT_LOCK,77.16489257153025,63.25966436432513
ETH,2025-10-26,2025-10-29,3867.4328999999993,4158.53,41.137946565714174,415.853,-45.858999951840815,STOP_2X,67.84266325019739,64.07518891048315
ETH,2025-10-25,2025-10-31,3677.0990999999995,3953.87,38.16170972008126,395.387,33.48843317188948,PROFIT_LOCK,66.26936425813493,62.659307660207695
ETH,2025-10-29,2025-11-03,3630.0782999999997,3903.31,38.881223767686265,390.331,-45.21160009099151,STOP_2X,68.2895739422416,65.69834772686364
ETH,2025-10-31,2025-11-03,3578.64,3848.0,36.27022325977998,384.8,-50.18021372000146,STOP_2X,64.7821663150562,65.69834772686364
ETH,2025-11-03,2025-11-04,3351.5247,3603.79,38.14459758885289,360.379,-115.77593787394551,STOP_2X,72.310447593615,69.98273755650402
ETH,2025-11-04,2025-11-07,3056.7333,3286.81,40.3494116302187,328.68100000000004,34.654984598240674,PROFIT_LOCK,82.92369751368615,70.29178699969651
ETH,2025-11-05,2025-11-09,3184.9709999999995,3424.7,42.39221125944391,342.47,41.229914132806385,PROFIT_LOCK,83.55280852925434,61.47765413815046
ETH,2025-11-07,2025-11-09,3195.2009999999996,3435.7,42.60463913487956,343.57,36.882461954207,PROFIT_LOCK,83.68927186818789,61.47765413815046
ETH,2025-11-09,2025-11-13,3332.9339999999997,3583.8,32.201639064151664,358.38000000000005,-95.12729633470087,STOP_2X,61.854985398473175,54.5884232803868
ETH,2025-11-10,2025-11-13,3318.2493,3568.01,31.69016538095525,356.80100000000004,-93.82484808756931,STOP_2X,61.160609895204175,54.5884232803868
ETH,2025-11-13,2025-11-14,3005.8343999999997,3232.08,21.16469305237888,323.208,-21.40705862573168,STOP_2X,44.78904794696697,54.732676297190665
ETH,2025-11-14,2025-11-20,2894.8574999999996,3112.75,20.534265362859003,311.27500000000003,-52.334773311776246,STOP_2X,45.1463901543618,57.75767154278532
ETH,2025-11-15,2025-11-20,2945.9889,3167.73,21.22464649104353,316.773,-102.69833853685356,STOP_2X,45.90563066547798,57.75767154278532
ETH,2025-11-20,2025-11-24,2635.9919999999997,2834.4,21.654811875323674,283.44,20.651813416627753,PROFIT_LOCK,52.63987973516821,59.967798966033925
ETH,2025-11-21,2025-11-24,2572.287,2765.9,21.23672254971342,276.59000000000003,20.394722642249725,PROFIT_LOCK,52.90691018848573,59.967798966033925
ETH,2025-11-24,2025-11-27,2746.7549999999997,2953.5,24.902490756211932,295.35,20.299512565642743,PROFIT_LOCK,58.11478646187689,57.718223326131024
ETH,2025-11-25,2025-11-28,2752.5861,2959.77,22.167621844838834,295.97700000000003,18.04896430039713,PROFIT_LOCK,51.580739845701,57.78351000365021
ETH,2025-11-27,2025-12-01,2804.2940999999996,3015.37,22.995475471414693,301.537,-40.047903967082675,STOP_2X,53.44361621665078,59.55456114616374
ETH,2025-11-28,2025-12-01,2819.0067,3031.19,23.18591928384376,303.119,-57.14784093092794,STOP_2X,57.179047776618276,59.55456114616374
ETH,2025-12-01,2025-12-02,2603.0328,2798.96,23.180295178593838,279.896,19.261628683379527,PROFIT_LOCK,65.38357248559208,63.60029980331381
ETH,2025-12-02,2025-12-03,2786.3637,2996.09,29.30363004310925,299.60900000000004,24.528977181287075,PROFIT_LOCK,76.86133772765035,63.05338336373653
ETH,2025-12-03,2025-12-08,2965.0724999999998,3188.25,30.52403301945924,318.82500000000005,24.483619593212723,PROFIT_LOCK,75.54349495296854,55.576371360813646
ETH,2025-12-08,2025-12-09,2905.7291999999998,3124.44,21.505023089050383,312.444,18.604028605313175,PROFIT_LOCK,56.44257922569067,56.307927997764374
ETH,2025-12-09,2025-12-12,3085.9073999999996,3318.18,23.671854322670356,331.818,-50.49241785421407,STOP_2X,58.60797645522625,57.081180065778966
ETH,2025-12-12,2025-12-17,2868.7337999999995,3084.66,22.83429191144353,308.466,-43.60354246720783,STOP_2X,60.89679156705502,55.451156614632765
ETH,2025-12-17,2025-12-19,2635.0991999999997,2833.44,19.38113815527646,283.344,17.172384545018986,PROFIT_LOCK,56.07194535979172,56.17353425627017
ETH,2025-12-19,2025-12-24,2770.9536,2979.52,21.117748307537568,297.952,18.982133536116976,PROFIT_LOCK,58.2101728938896,50.114584892114934
ETH,2025-12-24,2025-12-28,2740.6634999999997,2946.95,15.046684499243213,294.695,12.269630218046842,PROFIT_LOCK,33.151883744271,49.9048937104803
ETH,2025-12-25,2025-12-28,2700.72,2904.0,14.981957641560427,290.40000000000003,12.243504852020024,PROFIT_LOCK,33.7229461192358,49.9048937104803
ETH,2025-12-28,2025-12-31,2744.0301,2950.57,14.874907325195238,295.057,12.137166927785046,PROFIT_LOCK,30.87874795738553,45.77437413840464
ETH,2025-12-29,2026-01-01,2732.6654999999996,2938.35,14.685212849230709,293.835,14.050159693083884,PROFIT_LOCK,27.82309661660799,41.39157260763638
ETH,2026-01-13,2026-01-17,3092.5661999999998,3325.34,6.414122744742713,332.53400000000005,5.965138076740281,PROFIT_LOCK,15.063245954463994,33.79022436541638
ETH,2026-01-20,2026-01-24,2734.1256,2939.92,7.230391396265077,293.992,6.5927174508982205,PROFIT_LOCK,23.931820772178597,40.177810813541335
ETH,2026-01-21,2026-01-25,2773.7715,2982.55,7.492644938888418,298.25500000000005,-17.088583805008454,STOP_2X,24.514154714894822,42.40581612683045
ETH,2026-01-24,2026-01-25,2746.6248,2953.36,7.147417231566692,295.336,-24.320019603801484,STOP_2X,23.494690042757533,42.40581612683045
ETH,2026-01-25,2026-01-26,2620.0797,2817.29,8.311829154218742,281.729,6.927266434109484,PROFIT_LOCK,29.154993286204107,43.94860498465806
ETH,2026-01-26,2026-01-28,2724.8255999999997,2929.92,9.796534107261323,292.992,8.115969493144547,PROFIT_LOCK,33.074486980329624,44.961402166455095
ETH,2026-01-27,2026-01-29,2814.3939,3026.23,10.925029206671354,302.623,-49.062927134146946,STOP_2X,35.6218422353589,48.63252268090595
ETH,2026-01-28,2026-01-29,2800.0532999999996,3010.81,10.877577557058657,301.081,-48.360462947554424,STOP_2X,35.64752356102623,48.63252268090595
ETH,2026-01-29,2026-01-30,2624.9901,2822.57,13.143493739617327,282.257,-21.6294631920004,STOP_2X,44.97409707998846,49.989986258173566
ETH,2026-01-30,2026-01-31,2517.7518,2707.26,13.719036251179773,270.72600000000006,-96.30885242491979,STOP_2X,48.4227672619843,56.98549241656151
ETH,2026-01-31,2026-02-01,2280.2949,2451.93,18.06859331462698,245.19299999999998,-55.34655724417365,STOP_2X,66.19502568600876,58.72854666433812
ETH,2026-02-01,2026-02-04,2111.4348,2270.36,18.128372310661746,227.03600000000003,-19.205064026772163,STOP_2X,70.62329861397056,60.395770246849125
ETH,2026-02-04,2026-02-05,1997.7887999999998,2148.16,18.44722795268399,214.816,-169.018271638344,STOP_2X,74.85892183953021,73.20666721388339
